Season,Facility ID,Latitude,Longitude,Street1,Street2,City,State,Postal Code,Country,Type,Facility Name,URL,Phone,Contact,Begin Date,End Date,Begin Time,End Time,Begin DateTime,End DateTime,Recurrence Days,Hours,Eligibility,Cost,Notes,Record ID,Location
2017,1,52.367597,4.900158,Amstel 1,,Amsterdam,Centrum,,Netherlands,AP,Stadhuis,,,,15 maart 2017,16 maart 2017,7:30,21:00,,,,,rolstoeltoegankelijk met GPA,,,2017-1,"(52.367597,4.900158)"
2017,2,52.367679,4.889718,Singel 425,,Amsterdam,Centrum,,Netherlands,A,Universiteitsbibliotheek Amsterdam,,,,15 maart 2017,16 maart 2017,7:30,21:00,,,,,rolstoeltoegankelijk,,,2017-2,"(52.367679,4.889718)"
2017,3,52.373543,4.899359,Oudezijds Achterburgwal 45,,Amsterdam,Centrum,,Netherlands,A,Leger des Heils,,,,15 maart 2017,16 maart 2017,7:30,21:00,,,,,rolstoeltoegankelijk,,,2017-3,"(52.373543,4.899359)"
2017,4,52.368948,4.927938,Czaar Peterstraat 22,,Amsterdam,Centrum,,Netherlands,AP,Kensho Premium Fitness,,,,15 maart 2017,16 maart 2017,7:30,21:00,,,,,rolstoeltoegankelijk met GPA,,,2017-4,"(52.368948,4.927938)"
2017,5,52.370274,4.904181,Nieuwe Batavierstraat 2,,Amsterdam,Centrum,,Netherlands,AP,OBS De Witte Olifant,,,,15 maart 2017,16 maart 2017,7:30,21:00,,,,,rolstoeltoegankelijk met GPA,,,2017-5,"(52.370274,4.904181)"
2017,6,52.361283,4.905703,Voorm Stadstimmertuin 4-6,,Amsterdam,Centrum,,Netherlands,AP,Voormalige Stadstimmertuin,,,,15 maart 2017,16 maart 2017,7:30,21:00,,,,,rolstoeltoegankelijk met GPA,,,2017-6,"(52.361283,4.905703)"
2017,7,52.373099,4.902697,Gymlokaal tegenover Lastageweg 4-18,,Amsterdam,Centrum,,Netherlands,B,OBS De Witte Olifant,,,,15 maart 2017,16 maart 2017,7:30,21:00,,,,,rolstoeltoegankelijk met hulp,,,2017-7,"(52.373099,4.902697)"
2017,8,52.372527,4.875699,Marnixstraat 170,,Amsterdam,Centrum,,Netherlands,A,Brandweer Kazerne Hendrik,,,,15 maart 2017,16 maart 2017,7:30,21:00,,,,,rolstoeltoegankelijk,,,2017-8,"(52.372527,4.875699)"
2017,9,52.378019,4.892701,Singel 46,,Amsterdam,Centrum,,Netherlands,C,Cultura Nederland,,,,15 maart 2017,16 maart 2017,7:30,21:00,,,,,niet rolstoeltoegankelijk,,,2017-9,"(52.378019,4.892701)"
2017,10,52.369468,4.930003,Kraijenhoffstraat 32 C,,Amsterdam,Centrum,,Netherlands,AP,Ouder-Kind teams Amsterdam,,,,15 maart 2017,16 maart 2017,7:30,21:00,,,,,rolstoeltoegankelijk met GPA,,,2017-10,"(52.369468,4.930003)"
2017,11,52.377215,4.881108,Anjeliersstraat 153,,Amsterdam,Centrum,,Netherlands,AP,Theo Thijssenschool,,,,15 maart 2017,16 maart 2017,7:30,21:00,,,,,rolstoeltoegankelijk met GPA,,,2017-11,"(52.377215,4.881108)"
2017,12,52.368184,4.909754,Plantage Parklaan 20 A,,Amsterdam,Centrum,,Netherlands,AP,Korfbalvereniging Swift,,,,15 maart 2017,16 maart 2017,7:30,21:00,,,,,rolstoeltoegankelijk met GPA,,,2017-12,"(52.368184,4.909754)"
2017,13,52.381714,4.884626,Palmstraat 7,,Amsterdam,Centrum,,Netherlands,A,De Vinse School,,,,15 maart 2017,16 maart 2017,7:30,21:00,,,,,rolstoeltoegankelijk,,,2017-13,"(52.381714,4.884626)"
2017,14,52.366421,4.879117,Nieuwe Passeerdersstraat 1,,Amsterdam,Centrum,,Netherlands,B,Jeugdtheater De Krakeling,,,,15 maart 2017,16 maart 2017,7:30,21:00,,,,,rolstoeltoegankelijk met hulp,,,2017-14,"(52.366421,4.879117)"
2017,15,52.369468,4.930003,Kraijenhoffstraat 32 C,,Amsterdam,Centrum,,Netherlands,AP,Ouder-Kind teams Amsterdam,,,,15 maart 2017,16 maart 2017,7:30,21:00,,,,,rolstoeltoegankelijk met GPA,,,2017-15,"(52.369468,4.930003)"
2017,16,52.363823,4.881026,Leidsekade 97,,Amsterdam,Centrum,,Netherlands,B,American Hotel Amsterdam,,,,15 maart 2017,16 maart 2017,7:30,21:00,,,,,rolstoeltoegankelijk met hulp,,,2017-16,"(52.363823,4.881026)"
2017,17,52.375236,4.876549,Marnixkade 109 F,,Amsterdam,Centrum,,Netherlands,AP,Motivaction International BV,,,,15 maart 2017,16 maart 2017,7:30,21:00,,,,,rolstoeltoegankelijk met GPA,,,2017-17,"(52.375236,4.876549)"
2017,18,52.369853,4.880913,Elandsgracht 70,,Amsterdam,Centrum,,Netherlands,AP,Het Claverhuis,,,,15 maart 2017,16 maart 2017,7:30,21:00,,,,,rolstoeltoegankelijk met GPA,,,2017-18,"(52.369853,4.880913)"
2017,19,52.371951,4.903488,Recht Boomssloot 52,,Amsterdam,Centrum,,Netherlands,AP,Huis van de Buurt De Boomsspijker,,,,15 maart 2017,16 maart 2017,7:30,21:00,,,,,rolstoeltoegankelijk met GPA,,,2017-19,"(52.371951,4.903488)"
2017,20,52.361444,4.896702,Prinsengracht 756,,Amsterdam,Centrum,,Netherlands,AP,Kerk De Duif,,,,15 maart 2017,16 maart 2017,7:30,21:00,,,,,rolstoeltoegankelijk met GPA,,,2017-20,"(52.361444,4.896702)"
2017,21,52.37464,4.903884,Prins Hendrikkade 108,,Amsterdam,Centrum,,Netherlands,B,Grand Hotel Amrath,,,,15 maart 2017,16 maart 2017,7:30,21:00,,,,,rolstoeltoegankelijk met hulp,,,2017-21,"(52.37464,4.903884)"
2017,22,52.381128,4.890404,Haarlemmerstraat 124-126,,Amsterdam,Centrum,,Netherlands,B,Posthoornkerk,,,,15 maart 2017,16 maart 2017,7:30,21:00,,,,,rolstoeltoegankelijk met hulp,,,2017-22,"(52.381128,4.890404)"
2017,23,52.365706,4.892838,Vijzelstraat 20,,Amsterdam,Centrum,,Netherlands,B,Atria Kennisinstituut,,,,15 maart 2017,16 maart 2017,7:30,21:00,,,,,rolstoeltoegankelijk met hulp,,,2017-23,"(52.365706,4.892838)"
2017,24,52.38677,4.890062,Grote Bickersstraat 102,,Amsterdam,Centrum,,Netherlands,AP,School De Eilanden,,,,15 maart 2017,16 maart 2017,7:30,21:00,,,,,rolstoeltoegankelijk met GPA,,,2017-24,"(52.38677,4.890062)"
2017,25,52.36328,4.912861,Nieuwe Achtergracht 170,,Amsterdam,Centrum,,Netherlands,AP,Crea Cultureel Studentencentrum,,,,15 maart 2017,16 maart 2017,7:30,21:00,,,,,rolstoeltoegankelijk met GPA,,,2017-25,"(52.36328,4.912861)"
2017,26,52.367702,4.888631,Singel 452,,Amsterdam,Centrum,,Netherlands,A,Doopsgezinde Singelkerk,,,,15 maart 2017,16 maart 2017,7:30,21:00,,,,,rolstoeltoegankelijk,,,2017-26,"(52.367702,4.888631)"
2017,27,52.364691,4.910555,Roetersstraat 2,,Amsterdam,Centrum,,Netherlands,AP,Dr. Sarphatihuis,,,,15 maart 2017,16 maart 2017,7:30,21:00,,,,,rolstoeltoegankelijk met GPA,,,2017-27,"(52.364691,4.910555)"
2017,28,52.368528,4.886331,Herengracht 366,,Amsterdam,Centrum,,Netherlands,B,Het Cromhouthuis,,,,15 maart 2017,16 maart 2017,7:30,21:00,,,,,rolstoeltoegankelijk met hulp,,,2017-28,"(52.368528,4.886331)"
2017,29,52.371503,4.912479,Prins Hendrikkade 600,,Amsterdam,Centrum,,Netherlands,B,Architectuur Centrum Amsterdam (ARCAM),,,,15 maart 2017,16 maart 2017,7:30,21:00,,,,,rolstoeltoegankelijk met hulp,,,2017-29,"(52.371503,4.912479)"
2017,30,52.376137,4.894176,Nieuwezijds Kolk 25,,Amsterdam,Centrum,,Netherlands,B,Akhnaton,,,,15 maart 2017,16 maart 2017,7:30,21:00,,,,,rolstoeltoegankelijk met hulp,,,2017-30,"(52.376137,4.894176)"
2017,31,52.371414,4.921819,Kleine Wittenburgerstr 201,,Amsterdam,Centrum,,Netherlands,AP,De Witte Boei,,,,15 maart 2017,16 maart 2017,7:30,21:00,,,,,rolstoeltoegankelijk met GPA,,,2017-31,"(52.371414,4.921819)"
2017,32,52.366443,4.897043,Rembrandtplein 19,,Amsterdam,Centrum,,Netherlands,A,NH Caransa,,,,15 maart 2017,16 maart 2017,7:30,21:00,,,,,rolstoeltoegankelijk,,,2017-32,"(52.366443,4.897043)"
2017,33,52.383877,4.883749,Vinkenstraat 185,,Amsterdam,Centrum,,Netherlands,AP,Woonzorgcentrum De Rietvinck,,,,15 maart 2017,16 maart 2017,7:30,21:00,,,,,rolstoeltoegankelijk met GPA,,,2017-33,"(52.383877,4.883749)"
2017,34,52.3707,4.920931,Kleine Wittenburgerstr 100,,Amsterdam,Centrum,,Netherlands,AP,De Kleine BOE,,,,15 maart 2017,16 maart 2017,7:30,21:00,,,,,rolstoeltoegankelijk met GPA,,,2017-34,"(52.3707,4.920931)"
2017,35,52.36328,4.912861,Nieuwe Achtergracht 170,,Amsterdam,Centrum,,Netherlands,AP,Crea Cultureel Studentencentrum,,,,15 maart 2017,16 maart 2017,7:30,21:00,,,,,rolstoeltoegankelijk met GPA,,,2017-35,"(52.36328,4.912861)"
2017,36,52.383877,4.883749,Vinkenstraat 185,,Amsterdam,Centrum,,Netherlands,AP,Woonzorgcentrum De Rietvinck,,,,15 maart 2017,16 maart 2017,7:30,21:00,,,,,rolstoeltoegankelijk met GPA,,,2017-36,"(52.383877,4.883749)"
2017,37,52.370725,4.878745,Lauriergracht 99 C,,Amsterdam,Centrum,,Netherlands,C,De Toneelmakerij,,,,15 maart 2017,16 maart 2017,7:30,21:00,,,,,niet rolstoeltoegankelijk,,,2017-37,"(52.370725,4.878745)"
2017,38,52.371584,4.882141,Lauriergracht 11,,Amsterdam,Centrum,,Netherlands,A,Galerie Fontana,,,,15 maart 2017,16 maart 2017,7:30,21:00,,,,,rolstoeltoegankelijk,,,2017-38,"(52.371584,4.882141)"
2017,39,52.360868,4.89226,Nieuwe Looiersstraat 9,,Amsterdam,Centrum,,Netherlands,AP,Basisschool de Kleine Reus,,,,15 maart 2017,16 maart 2017,7:30,21:00,,,,,rolstoeltoegankelijk met GPA,,,2017-39,"(52.360868,4.89226)"
2017,40,52.377985,4.878485,Marnixplein 1,,Amsterdam,Centrum,,Netherlands,AP,Het Marnix,,,,15 maart 2017,16 maart 2017,7:30,21:00,,,,,rolstoeltoegankelijk met GPA,,,2017-40,"(52.377985,4.878485)"
2017,41,52.378822,4.900167,Stationspln 15-Perron 2B,,Amsterdam,Centrum,,Netherlands,A,Centraal Station - Restaurant 1e klas,,,,15 maart 2017,16 maart 2017,6:30,21:00,,,,,rolstoeltoegankelijk,,,2017-41,"(52.378822,4.900167)"
2017,42,52.363823,4.881026,Leidsekade 97,,Amsterdam,Centrum,,Netherlands,B,American Hotel Amsterdam,,,,15 maart 2017,16 maart 2017,7:30,21:00,,,,,rolstoeltoegankelijk met hulp,,,2017-42,"(52.363823,4.881026)"
2017,43,52.373239,4.884545,Keizersgracht 218 B,,Amsterdam,Centrum,,Netherlands,B,Stichting De Oude Gracht,,,,15 maart 2017,16 maart 2017,7:30,21:00,,,,,rolstoeltoegankelijk met hulp,,,2017-43,"(52.373239,4.884545)"
2017,44,52.379538,4.88631,Noordermarkt 44,,Amsterdam,Centrum,,Netherlands,AP,Noorderkerk,,,,15 maart 2017,16 maart 2017,7:30,21:00,,,,,rolstoeltoegankelijk met GPA,,,2017-44,"(52.379538,4.88631)"
2017,45,52.370797,4.898126,Kloveniersburgwal 48,,Amsterdam,Centrum,,Netherlands,AP,Het Bushuis,,,,15 maart 2017,16 maart 2017,7:30,21:00,,,,,rolstoeltoegankelijk met GPA,,,2017-45,"(52.370797,4.898126)"
2017,46,52.374097,4.889837,Spuistraat 134 - 3e etage,,Amsterdam,Centrum,,Netherlands,AP,UvA - locatie P.C. Hoofthuis,,,,15 maart 2017,16 maart 2017,7:30,21:00,,,,,rolstoeltoegankelijk met GPA,,,2017-46,"(52.374097,4.889837)"
2017,47,52.381714,4.884626,Palmstraat 7,,Amsterdam,Centrum,,Netherlands,A,De Vinse School,,,,15 maart 2017,16 maart 2017,7:30,21:00,,,,,rolstoeltoegankelijk,,,2017-47,"(52.381714,4.884626)"
2017,48,52.377349,4.887275,Keizersgracht 100,,Amsterdam,Centrum,,Netherlands,B,De Rode Hoed,,,,15 maart 2017,16 maart 2017,7:30,21:00,,,,,rolstoeltoegankelijk met hulp,,,2017-48,"(52.377349,4.887275)"
2017,49,52.379538,4.88631,Noordermarkt 44,,Amsterdam,Centrum,,Netherlands,AP,Noorderkerk,,,,15 maart 2017,16 maart 2017,7:30,21:00,,,,,rolstoeltoegankelijk met GPA,,,2017-49,"(52.379538,4.88631)"
2017,50,52.367975,4.920445,Kruithuisstraat 25,,Amsterdam,Centrum,,Netherlands,B,Museumwerf `t Kromhout,,,,15 maart 2017,16 maart 2017,7:30,21:00,,,,,rolstoeltoegankelijk met hulp,,,2017-50,"(52.367975,4.920445)"
2017,51,52.370488,4.890714,Sint Luciënsteeg 27,,Amsterdam,Centrum,,Netherlands,AP,Amsterdam Museum,,,,15 maart 2017,16 maart 2017,7:30,21:00,,,,,rolstoeltoegankelijk met GPA,,,2017-51,"(52.370488,4.890714)"
2017,52,52.360187,4.901311,Sarphatistraat 1 - 3,,Amsterdam,Centrum,,Netherlands,AP,Bezoekerscentrum De Nederlandsche Bank,,,,15 maart 2017,16 maart 2017,7:30,21:00,,,,,rolstoeltoegankelijk met GPA,,,2017-52,"(52.360187,4.901311)"
2017,53,52.369598,4.901663,Jodenbreestraat 3,,Amsterdam,Centrum,,Netherlands,A,Academie voor Theater en Dans,,,,15 maart 2017,16 maart 2017,7:30,21:00,,,,,rolstoeltoegankelijk,,,2017-53,"(52.369598,4.901663)"
2017,54,52.375955,4.908907,Oosterdokskade 151,,Amsterdam,Centrum,,Netherlands,AP,Conservatorium van Amsterdam,,,,15 maart 2017,16 maart 2017,7:30,21:00,,,,,rolstoeltoegankelijk met GPA,,,2017-54,"(52.375955,4.908907)"
2017,55,52.384314,4.891647,Westerdok 318,,Amsterdam,Centrum,,Netherlands,AP,Ateliers Westerdok,,,,15 maart 2017,16 maart 2017,7:30,21:00,,,,,rolstoeltoegankelijk met GPA,,,2017-55,"(52.384314,4.891647)"
2017,56,52.379539,4.882447,Tweede Lindendwarsstraat 10,,Amsterdam,Centrum,,Netherlands,B,De Noorderspeeltuin,,,,15 maart 2017,16 maart 2017,7:30,21:00,,,,,rolstoeltoegankelijk met hulp,,,2017-56,"(52.379539,4.882447)"
2017,57,52.364154,4.938764,Javaplein 2,,Amsterdam,Oost,,Netherlands,AP,OBA Javaplein,,,,15 maart 2017,16 maart 2017,7:30,21:00,,,,,rolstoeltoegankelijk met GPA,,,2017-57,"(52.364154,4.938764)"
2017,58,52.364776,4.946451,Kramatweg 31 A,,Amsterdam,Oost,,Netherlands,AP,Kindervreugd,,,,15 maart 2017,16 maart 2017,7:30,21:00,,,,,rolstoeltoegankelijk met GPA,,,2017-58,"(52.364776,4.946451)"
2017,59,52.363554,4.943967,Soembawastraat 61,,Amsterdam,Oost,,Netherlands,AP,Flevoparkschool,,,,15 maart 2017,16 maart 2017,7:30,21:00,,,,,rolstoeltoegankelijk met GPA,,,2017-59,"(52.363554,4.943967)"
2017,60,52.36054,4.940738,Tidorestraat 107,,Amsterdam,Oost,,Netherlands,AP,Verenigingsgebouw Batavia,,,,15 maart 2017,16 maart 2017,7:30,21:00,,,,,rolstoeltoegankelijk met GPA,,,2017-60,"(52.36054,4.940738)"
2017,61,52.360648,4.929081,Ingang Wijttenbachstraat,,Amsterdam,Oost,,Netherlands,B,Havo De Hof,,,,15 maart 2017,16 maart 2017,7:30,21:00,,,,,rolstoeltoegankelijk met hulp,,,2017-61,"(52.360648,4.929081)"
2017,62,52.363554,4.943967,Soembawastraat 61,,Amsterdam,Oost,,Netherlands,AP,Flevoparkschool,,,,15 maart 2017,16 maart 2017,7:30,21:00,,,,,rolstoeltoegankelijk met GPA,,,2017-62,"(52.363554,4.943967)"
2017,63,52.377267,4.938778,KNSM-laan 143,,Amsterdam,Oost,,Netherlands,AP,Loods 6,,,,15 maart 2017,16 maart 2017,7:30,21:00,,,,,rolstoeltoegankelijk met GPA,,,2017-63,"(52.377267,4.938778)"
2017,64,52.37921,4.922795,Tosaristraat 30 A,,Amsterdam,Oost,,Netherlands,A,OBS De Kleine Kapitein,,,,15 maart 2017,16 maart 2017,7:30,21:00,,,,,rolstoeltoegankelijk,,,2017-64,"(52.37921,4.922795)"
2017,65,52.368875,4.939289,Cruquiusweg 31,,Amsterdam,Oost,,Netherlands,AP,Int. Instituut voor Sociale Geschiedenis,,,,15 maart 2017,16 maart 2017,7:30,21:00,,,,,rolstoeltoegankelijk met GPA,,,2017-65,"(52.368875,4.939289)"
2017,66,52.374049,4.936285,Oostelijke Handelskade 44,,Amsterdam,Oost,,Netherlands,B,De Nieuwe KHL,,,,15 maart 2017,16 maart 2017,7:30,21:00,,,,,rolstoeltoegankelijk met hulp,,,2017-66,"(52.374049,4.936285)"
2017,67,52.376765,4.946346,KNSM-laan 808,,Amsterdam,Oost,,Netherlands,AP,A08 Events Amsterdam,,,,15 maart 2017,16 maart 2017,7:30,21:00,,,,,rolstoeltoegankelijk met GPA,,,2017-67,"(52.376765,4.946346)"
2017,68,52.361228,4.94217,Bataviastraat 24 bg,,Amsterdam,Oost,,Netherlands,AP,Basisschool Onze Toekomst,,,,15 maart 2017,16 maart 2017,7:30,21:00,,,,,rolstoeltoegankelijk met GPA,,,2017-68,"(52.361228,4.94217)"
2017,69,52.372057,4.946599,R.J.H. Fortuynplein 4,,Amsterdam,Oost,,Netherlands,AP,BAC Amsterdam,,,,15 maart 2017,16 maart 2017,7:30,21:00,,,,,rolstoeltoegankelijk met GPA,,,2017-69,"(52.372057,4.946599)"
2017,70,52.368973,4.939229,Cruquiusweg 31,,Amsterdam,Oost,,Netherlands,AP,Int. Instituut voor Sociale Geschiedenis,,,,15 maart 2017,16 maart 2017,7:30,21:00,,,,,rolstoeltoegankelijk met GPA,,,2017-70,"(52.368973,4.939229)"
2017,71,52.370713,4.938125,C. van Eesterenlaan 266,,Amsterdam,Oost,,Netherlands,AP,De Eester,,,,15 maart 2017,16 maart 2017,7:30,21:00,,,,,rolstoeltoegankelijk met GPA,,,2017-71,"(52.370713,4.938125)"
2017,72,52.363021,4.933901,Balistraat 48A,,Amsterdam,Oost,,Netherlands,AP,Stichting Meevaart,,,,15 maart 2017,16 maart 2017,7:30,21:00,,,,,rolstoeltoegankelijk met GPA,,,2017-72,"(52.363021,4.933901)"
2017,73,52.36046,4.938816,Obiplein t.o. 87. zij-ingang,,Amsterdam,Oost,,Netherlands,AP,Basisschool de Waaier,,,,15 maart 2017,16 maart 2017,7:30,21:00,,,,,rolstoeltoegankelijk met GPA,,,2017-73,"(52.36046,4.938816)"
2017,74,52.365355,4.935507,Timorplein 21,,Amsterdam,Oost,,Netherlands,AP,Stayokay Amsterdam Oost,,,,15 maart 2017,16 maart 2017,7:30,21:00,,,,,rolstoeltoegankelijk met GPA,,,2017-74,"(52.365355,4.935507)"
2017,75,52.363222,4.934707,Balistraat 79,,Amsterdam,Oost,,Netherlands,B,De Indische Buurt School,,,,15 maart 2017,16 maart 2017,7:30,21:00,,,,,rolstoeltoegankelijk met hulp,,,2017-75,"(52.363222,4.934707)"
2017,76,52.357755,4.994624,Talbotstr 46 - ingang Maria Austriastraat,,Amsterdam,Oost,,Netherlands,A,Stichting Flexbieb IJburg,,,,15 maart 2017,16 maart 2017,7:30,21:00,,,,,rolstoeltoegankelijk,,,2017-76,"(52.357755,4.994624)"
2017,77,52.356618,4.995941,Ed Pelsterpark 2,,Amsterdam,Oost,,Netherlands,A,De Binnenwaai,,,,15 maart 2017,16 maart 2017,7:30,21:00,,,,,rolstoeltoegankelijk,,,2017-77,"(52.356618,4.995941)"
2017,78,52.353159,5.007258,Franz Zieglerstraat 11,,Amsterdam,Oost,,Netherlands,A,Basisschool De Archipel,,,,15 maart 2017,16 maart 2017,7:30,21:00,,,,,rolstoeltoegankelijk,,,2017-78,"(52.353159,5.007258)"
2017,79,52.356613,4.996939,Diemerparklaan 79,,Amsterdam,Oost,,Netherlands,A,OBA IJburg,,,,15 maart 2017,16 maart 2017,7:30,21:00,,,,,rolstoeltoegankelijk,,,2017-79,"(52.356613,4.996939)"
2017,80,52.360985,4.982205,John Hadleystraat 4,,Amsterdam,Oost,,Netherlands,B,Montessorischool Steigereiland,,,,15 maart 2017,16 maart 2017,7:30,21:00,,,,,rolstoeltoegankelijk met hulp,,,2017-80,"(52.360985,4.982205)"
2017,81,52.362738,4.987533,Brigantijnkade 51,,Amsterdam,Oost,,Netherlands,A,abbs De Zuiderzee,,,,15 maart 2017,16 maart 2017,7:30,21:00,,,,,rolstoeltoegankelijk,,,2017-81,"(52.362738,4.987533)"
2017,82,52.376339,4.940506,Levantkade 127,,Amsterdam,Oost,,Netherlands,AP,Café Kanis en Meiland,,,,15 maart 2017,16 maart 2017,7:30,21:00,,,,,rolstoeltoegankelijk met GPA,,,2017-82,"(52.376339,4.940506)"
2017,83,52.351289,5.004339,Pampuslaan 1,,Amsterdam,Oost,,Netherlands,A,IJburg College 1,,,,15 maart 2017,16 maart 2017,7:30,21:00,,,,,rolstoeltoegankelijk,,,2017-83,"(52.351289,5.004339)"
2017,84,52.372456,4.969942,Faas Wilkesstraat 451,,Amsterdam,Oost,,Netherlands,A,MKC Zeeburgereiland,,,,15 maart 2017,16 maart 2017,7:30,21:00,,,,,rolstoeltoegankelijk,,,2017-84,"(52.372456,4.969942)"
2017,85,52.354453,4.993494,Diemerparklaan 11,,Amsterdam,Oost,,Netherlands,A,Willibrordschool IJburg,,,,15 maart 2017,16 maart 2017,7:30,21:00,,,,,rolstoeltoegankelijk,,,2017-85,"(52.354453,4.993494)"
2017,86,52.371499,4.968938,Geertje Wielemaplein 1,,Amsterdam,Oost,,Netherlands,A,IJburg College 2,,,,15 maart 2017,16 maart 2017,7:30,21:00,,,,,rolstoeltoegankelijk,,,2017-86,"(52.371499,4.968938)"
2017,87,52.356338,4.93485,Hogeweg 63,,Amsterdam,Oost,,Netherlands,AP,Basisschool Frankendael. locatie Hogeweg,,,,15 maart 2017,16 maart 2017,7:30,21:00,,,,,rolstoeltoegankelijk met GPA,,,2017-87,"(52.356338,4.93485)"
2017,88,52.36149,4.926165,Pieter Nieuwlandstraat 3,,Amsterdam,Oost,,Netherlands,AP,Basisschool De Dapper,,,,15 maart 2017,16 maart 2017,7:30,21:00,,,,,rolstoeltoegankelijk met GPA,,,2017-88,"(52.36149,4.926165)"
2017,89,52.354084,4.944795,Archimedeslaan 59,,Amsterdam,Oost,,Netherlands,A,Kinderboerderij De Werf,,,,15 maart 2017,16 maart 2017,7:30,21:00,,,,,rolstoeltoegankelijk,,,2017-89,"(52.354084,4.944795)"
2017,90,52.354564,4.913203,Wibautstraat 129,,Amsterdam,Oost,,Netherlands,A,The Student Hotel Amsterdam City,,,,15 maart 2017,16 maart 2017,7:30,21:00,,,,,rolstoeltoegankelijk,,,2017-90,"(52.354564,4.913203)"
2017,91,52.359438,4.909481,Wibautstraat 3 A,,Amsterdam,Oost,,Netherlands,AP,Hogeschool van Amsterdam. Wibauthuis,,,,15 maart 2017,16 maart 2017,7:30,21:00,,,,,rolstoeltoegankelijk met GPA,,,2017-91,"(52.359438,4.909481)"
2017,92,52.364316,4.926929,Von Zesenstraat 298,,Amsterdam,Oost,,Netherlands,AP,Ouderencentrum De Gooyer,,,,15 maart 2017,16 maart 2017,7:30,21:00,,,,,rolstoeltoegankelijk met GPA,,,2017-92,"(52.364316,4.926929)"
2017,93,52.358575,4.923098,Kastanjeplein 60,,Amsterdam,Oost,,Netherlands,A,Woonzorgcentrum Kastanjehof,,,,15 maart 2017,16 maart 2017,7:30,21:00,,,,,rolstoeltoegankelijk,,,2017-93,"(52.358575,4.923098)"
2017,94,52.374399,4.945738,J.F. van Hengelstraat 100,,Amsterdam,Oost,,Netherlands,AP,Sportzaal J.F. van Hengelstraat,,,,15 maart 2017,16 maart 2017,7:30,21:00,,,,,rolstoeltoegankelijk met GPA,,,2017-94,"(52.374399,4.945738)"
2017,95,52.354461,4.919061,Christiaan de Wetstraat 23,,Amsterdam,Oost,,Netherlands,AP,Openbare Basisschool De Kaap,,,,15 maart 2017,16 maart 2017,7:30,21:00,,,,,rolstoeltoegankelijk met GPA,,,2017-95,"(52.354461,4.919061)"
2017,96,52.354169,4.938894,Galileiplantsoen 39,,Amsterdam,Oost,,Netherlands,C,Gymzaal Villa Bons,,,,15 maart 2017,16 maart 2017,7:30,21:00,,,,,niet rolstoeltoegankelijk,,,2017-96,"(52.354169,4.938894)"
2017,97,52.351327,4.917362,Hofmeyrstraat 67,,Amsterdam,Oost,,Netherlands,AP,Buurtcentrum Kraaipan,,,,15 maart 2017,16 maart 2017,7:30,21:00,,,,,rolstoeltoegankelijk met GPA,,,2017-97,"(52.351327,4.917362)"
2017,98,52.358062,4.929797,Polderweg 3,,Amsterdam,Oost,,Netherlands,AP,Montessori College Oost,,,,15 maart 2017,16 maart 2017,7:30,21:00,,,,,rolstoeltoegankelijk met GPA,,,2017-98,"(52.358062,4.929797)"
2017,99,52.365411,4.92912,Roomtuintjes 233,,Amsterdam,Oost,,Netherlands,A,Verenigingsgebouw O Pontania,,,,15 maart 2017,16 maart 2017,7:30,21:00,,,,,rolstoeltoegankelijk,,,2017-99,"(52.365411,4.92912)"
2017,100,52.356172,4.912936,Tweede Oosterparkstraat 33,,Amsterdam,Oost,,Netherlands,AP,Gymzaal Metis Montessori Lyceum,,,,15 maart 2017,16 maart 2017,7:30,21:00,,,,,rolstoeltoegankelijk met GPA,,,2017-100,"(52.356172,4.912936)"
2017,101,52.3529,4.933461,Linnaeushof 94. Ingang Pastorie,,Amsterdam,Oost,,Netherlands,A,Hofkerk,,,,15 maart 2017,16 maart 2017,7:30,21:00,,,,,rolstoeltoegankelijk,,,2017-101,"(52.3529,4.933461)"
2017,102,52.356172,4.912936,Tweede Oosterparkstraat 33,,Amsterdam,Oost,,Netherlands,AP,Gymzaal Metis Montessori Lyceum,,,,15 maart 2017,16 maart 2017,7:30,21:00,,,,,rolstoeltoegankelijk met GPA,,,2017-102,"(52.356172,4.912936)"
2017,103,52.35788,4.931355,Polderweg 300,,Amsterdam,Oost,,Netherlands,AP,Sporthal Wethouder Verheij,,,,15 maart 2017,16 maart 2017,7:30,21:00,,,,,rolstoeltoegankelijk met GPA,,,2017-103,"(52.35788,4.931355)"
2017,104,52.339986,4.943263,Brink 45,,Amsterdam,Oost,,Netherlands,AP,Servicepunt Het Brinkhuis,,,,15 maart 2017,16 maart 2017,7:30,21:00,,,,,rolstoeltoegankelijk met GPA,,,2017-104,"(52.339986,4.943263)"
2017,105,52.358166,4.921884,Eikenplein 3,,Amsterdam,Oost,,Netherlands,AP,Barbaraschool,,,,15 maart 2017,16 maart 2017,7:30,21:00,,,,,rolstoeltoegankelijk met GPA,,,2017-105,"(52.358166,4.921884)"
2017,106,52.354625,4.952643,Science Park 203,,Amsterdam,Oost,,Netherlands,AP,Café Restaurant Polder,,,,15 maart 2017,16 maart 2017,7:30,21:00,,,,,rolstoeltoegankelijk met GPA,,,2017-106,"(52.354625,4.952643)"
2017,107,52.350828,4.934554,Middenweg 74,,Amsterdam,Oost,,Netherlands,A,Kerk de Bron,,,,15 maart 2017,16 maart 2017,7:30,21:00,,,,,rolstoeltoegankelijk,,,2017-107,"(52.350828,4.934554)"
2017,108,52.354169,4.938894,Galileiplantsoen 39,,Amsterdam,Oost,,Netherlands,C,Gymzaal Villa Bons,,,,15 maart 2017,16 maart 2017,7:30,21:00,,,,,niet rolstoeltoegankelijk,,,2017-108,"(52.354169,4.938894)"
2017,109,52.354412,4.955698,Science Park 904,,Amsterdam,Oost,,Netherlands,AP,UvA Science Park,,,,15 maart 2017,16 maart 2017,7:30,21:00,,,,,rolstoeltoegankelijk met GPA,,,2017-109,"(52.354412,4.955698)"
2017,110,52.348336,4.936267,Van `t Hofflaan 20,,Amsterdam,Oost,,Netherlands,AP,Koningskerk,,,,15 maart 2017,16 maart 2017,7:30,21:00,,,,,rolstoeltoegankelijk met GPA,,,2017-110,"(52.348336,4.936267)"
2017,111,52.354135,4.920635,Krugerplein 17,,Amsterdam,Oost,,Netherlands,AP,De Krugerkamer,,,,15 maart 2017,16 maart 2017,7:30,21:00,,,,,rolstoeltoegankelijk met GPA,,,2017-111,"(52.354135,4.920635)"
2017,112,52.342413,4.927112,Von Liebigweg 68,,Amsterdam,Oost,,Netherlands,AP,Basisschool Frankendael (Von Liebigweg),,,,15 maart 2017,16 maart 2017,7:30,21:00,,,,,rolstoeltoegankelijk met GPA,,,2017-112,"(52.342413,4.927112)"
2017,113,52.355816,4.920764,Tugelaweg 59 A,,Amsterdam,Oost,,Netherlands,AP,Tugelahuis,,,,15 maart 2017,16 maart 2017,7:30,21:00,,,,,rolstoeltoegankelijk met GPA,,,2017-113,"(52.355816,4.920764)"
2017,114,52.357522,4.920232,Derde Oosterparkstraat 159,,Amsterdam,Oost,,Netherlands,AP,Buurtcentrum Oosterpark,,,,15 maart 2017,16 maart 2017,7:30,21:00,,,,,rolstoeltoegankelijk met GPA,,,2017-114,"(52.357522,4.920232)"
2017,115,52.349056,4.943774,Kruislaan 224,,Amsterdam,Oost,,Netherlands,C,Scouting Oost 1,,,,15 maart 2017,16 maart 2017,7:30,21:00,,,,,niet rolstoeltoegankelijk,,,2017-115,"(52.349056,4.943774)"
2017,116,52.345073,4.926776,Fizeaustraat 3,,Amsterdam,Oost,,Netherlands,A,Wijkservicepunt Hoekhuis,,,,15 maart 2017,16 maart 2017,7:30,21:00,,,,,rolstoeltoegankelijk,,,2017-116,"(52.345073,4.926776)"
2017,117,52.345844,4.919445,Julianaplein 6,,Amsterdam,Oost,,Netherlands,A,Meininger Hotel Amsterdam Amstel,,,,15 maart 2017,16 maart 2017,7:30,21:00,,,,,rolstoeltoegankelijk,,,2017-117,"(52.345844,4.919445)"
2017,118,52.340059,4.917892,Korte Ouderkerkerdijk 7,,Amsterdam,Oost,,Netherlands,B,Waternet,,,,15 maart 2017,16 maart 2017,7:30,21:00,,,,,rolstoeltoegankelijk met hulp,,,2017-118,"(52.340059,4.917892)"
2017,119,52.348901,4.913073,Weesperzijde 144,,Amsterdam,Oost,,Netherlands,C,Weesper,,,,15 maart 2017,16 maart 2017,7:30,21:00,,,,,niet rolstoeltoegankelijk,,,2017-119,"(52.348901,4.913073)"
2017,120,52.34906,4.937625,Middenweg 116,,Amsterdam,Oost,,Netherlands,AP,Grand Cafe Frankendael,,,,15 maart 2017,16 maart 2017,7:30,21:00,,,,,rolstoeltoegankelijk met GPA,,,2017-120,"(52.34906,4.937625)"
2017,121,52.358389,4.91692,Oosterpark 9,,Amsterdam,Oost,,Netherlands,AP,OLVG locatie Oost,,,,15 maart 2017,16 maart 2017,7:30,21:00,,,,,rolstoeltoegankelijk met GPA,,,2017-121,"(52.358389,4.91692)"
2017,122,52.360021,4.91589,Oosterpark 5,,Amsterdam,Oost,,Netherlands,C,Oosterparkkerk,,,,15 maart 2017,16 maart 2017,7:30,21:00,,,,,niet rolstoeltoegankelijk,,,2017-122,"(52.360021,4.91589)"
2017,123,52.36169,4.924416,Linnaeusstraat 37,,Amsterdam,Oost,,Netherlands,AP,Muiderkerk,,,,15 maart 2017,16 maart 2017,7:30,21:00,,,,,rolstoeltoegankelijk met GPA,,,2017-123,"(52.36169,4.924416)"
2017,124,52.352651,4.915733,Tegenover ingang Danie Theronstraat 2,,Amsterdam,Oost,,Netherlands,AP,BOOST Transvaal,,,,15 maart 2017,16 maart 2017,7:30,21:00,,,,,rolstoeltoegankelijk met GPA,,,2017-124,"(52.352651,4.915733)"
2017,125,52.338264,4.920948,Amstelvlietstraat 4,,Amsterdam,Oost,,Netherlands,AP,QO Amsterdam,,,,15 maart 2017,16 maart 2017,7:30,21:00,,,,,rolstoeltoegankelijk met GPA,,,2017-125,"(52.338264,4.920948)"
2017,126,52.343508,4.947924,Anfieldroad 110,,Amsterdam,Oost,,Netherlands,A,Het Parkhuis,,,,15 maart 2017,16 maart 2017,7:30,21:00,,,,,rolstoeltoegankelijk,,,2017-126,"(52.343508,4.947924)"
2017,127,52.374399,4.945738,J.F. van Hengelstraat 100,,Amsterdam,Oost,,Netherlands,AP,Sportzaal J.F. van Hengelstraat,,,,15 maart 2017,16 maart 2017,7:30,21:00,,,,,rolstoeltoegankelijk met GPA,,,2017-127,"(52.374399,4.945738)"
2017,128,52.350079,5.00796,Eva Besnyöstraat 491,,Amsterdam,Oost,,Netherlands,A,Gymzaal Laterna Magica,,,,15 maart 2017,16 maart 2017,7:30,21:00,,,,,rolstoeltoegankelijk,,,2017-128,"(52.350079,5.00796)"
2017,129,52.354742,4.90846,ingang Oetgensstraat - gymzaal,,Amsterdam,Oost,,Netherlands,A,4e Montessorischool De Pinksterbloem,,,,15 maart 2017,16 maart 2017,7:30,21:00,,,,,rolstoeltoegankelijk,,,2017-129,"(52.354742,4.90846)"
2017,130,52.374997,4.930431,Oostelijke Handelskade 4,,Amsterdam,Oost,,Netherlands,A,Panama Amsterdam,,,,15 maart 2017,16 maart 2017,7:30,21:00,,,,,rolstoeltoegankelijk,,,2017-130,"(52.374997,4.930431)"
2017,131,52.35788,4.931355,Polderweg 300,,Amsterdam,Oost,,Netherlands,AP,Sporthal Wethouder Verheij,,,,15 maart 2017,16 maart 2017,7:30,21:00,,,,,rolstoeltoegankelijk met GPA,,,2017-131,"(52.35788,4.931355)"
2017,132,52.352795,4.924993,Simon Stevinstraat 48,,Amsterdam,Oost,,Netherlands,AP,Gymzaal Lidwinaschool,,,,15 maart 2017,16 maart 2017,7:30,21:00,,,,,rolstoeltoegankelijk met GPA,,,2017-132,"(52.352795,4.924993)"
2017,133,52.334586,4.866482,De Boelelaan 1105,,Amsterdam,Zuid,,Netherlands,AP,Vrije Universiteit Amsterdam,,,,15 maart 2017,16 maart 2017,7:30,21:00,,,,,rolstoeltoegankelijk met GPA,,,2017-133,"(52.334586,4.866482)"
2017,134,52.357619,4.895321,Stadhouderskade 89,,Amsterdam,Zuid,,Netherlands,AP,Doven Ontmoetings Centrum,,,,15 maart 2017,16 maart 2017,7:30,21:00,,,,,rolstoeltoegankelijk met GPA,,,2017-134,"(52.357619,4.895321)"
2017,135,52.35672,4.897606,Albert Cuypstraat 241,,Amsterdam,Zuid,,Netherlands,C,V.B.S.K.  Albert Cuyp,,,,15 maart 2017,16 maart 2017,7:30,21:00,,,,,niet rolstoeltoegankelijk,,,2017-135,"(52.35672,4.897606)"
2017,136,52.356523,4.902129,Tweede Jan Steenstraat 80-82,,Amsterdam,Zuid,,Netherlands,AP,Studio Automat Amsterdam,,,,15 maart 2017,16 maart 2017,7:30,21:00,,,,,rolstoeltoegankelijk met GPA,,,2017-136,"(52.356523,4.902129)"
2017,137,52.352937,4.895431,2e Van der Helststraat 1-3,,Amsterdam,Zuid,,Netherlands,AP,Oranjekerk,,,,15 maart 2017,16 maart 2017,7:30,21:00,,,,,rolstoeltoegankelijk met GPA,,,2017-137,"(52.352937,4.895431)"
2017,138,52.352937,4.895431,2e Van der Helststraat 1-3,,Amsterdam,Zuid,,Netherlands,AP,Oranjekerk,,,,15 maart 2017,16 maart 2017,7:30,21:00,,,,,rolstoeltoegankelijk met GPA,,,2017-138,"(52.352937,4.895431)"
2017,139,52.351034,4.864674,Pieter Lastmankade 1,,Amsterdam,Zuid,,Netherlands,AP,Het Amsterdams Lyceum,,,,15 maart 2017,16 maart 2017,7:30,21:00,,,,,rolstoeltoegankelijk met GPA,,,2017-139,"(52.351034,4.864674)"
2017,140,52.355819,4.886122,Hobbemakade 50,,Amsterdam,Zuid,,Netherlands,B,NH Museum Quarter,,,,15 maart 2017,16 maart 2017,7:30,21:00,,,,,rolstoeltoegankelijk met hulp,,,2017-140,"(52.355819,4.886122)"
2017,141,52.334646,4.859835,De Boelelaan 1117,,Amsterdam,Zuid,,Netherlands,AP,Amsterdam UMC. locatie VUmc,,,,15 maart 2017,16 maart 2017,7:30,21:00,,,,,rolstoeltoegankelijk met GPA,,,2017-141,"(52.334646,4.859835)"
2017,142,52.357333,4.891463,Marie Heinekenplein 5,,Amsterdam,Zuid,,Netherlands,B,De Kleine Valk,,,,15 maart 2017,16 maart 2017,7:30,21:00,,,,,rolstoeltoegankelijk met hulp,,,2017-142,"(52.357333,4.891463)"
2017,143,52.350893,4.905669,Smaragdplein 3,,Amsterdam,Zuid,,Netherlands,B,De Edelsteen,,,,15 maart 2017,16 maart 2017,7:30,21:00,,,,,rolstoeltoegankelijk met hulp,,,2017-143,"(52.350893,4.905669)"
2017,144,52.355409,4.904358,Servaes Noutsstraat 3 t/m 99,,Amsterdam,Zuid,,Netherlands,AP,Senioren bewonersruimte,,,,15 maart 2017,16 maart 2017,7:30,21:00,,,,,rolstoeltoegankelijk met GPA,,,2017-144,"(52.355409,4.904358)"
2017,145,52.351034,4.864674,Pieter Lastmankade 1,,Amsterdam,Zuid,,Netherlands,AP,Het Amsterdams Lyceum,,,,15 maart 2017,16 maart 2017,7:30,21:00,,,,,rolstoeltoegankelijk met GPA,,,2017-145,"(52.351034,4.864674)"
2017,146,52.353107,4.897543,Van Ostadestraat 201-203,,Amsterdam,Zuid,,Netherlands,B,3e Daltonschool hoofdgebouw,,,,15 maart 2017,16 maart 2017,7:30,21:00,,,,,rolstoeltoegankelijk met hulp,,,2017-146,"(52.353107,4.897543)"
2017,147,52.351105,4.898064,Henrick de Keijserplein 45,,Amsterdam,Zuid,,Netherlands,B,Buurtgebouw HdK,,,,15 maart 2017,16 maart 2017,7:30,21:00,,,,,rolstoeltoegankelijk met hulp,,,2017-147,"(52.351105,4.898064)"
2017,148,52.349748,4.89372,Lizzy Ansinghstraat 88,,Amsterdam,Zuid,,Netherlands,B,Sportcentrum De Pijp,,,,15 maart 2017,16 maart 2017,7:30,21:00,,,,,rolstoeltoegankelijk met hulp,,,2017-148,"(52.349748,4.89372)"
2017,149,52.346594,4.90485,Rijnstraat 58,,Amsterdam,Zuid,,Netherlands,AP,Rijn 58,,,,15 maart 2017,16 maart 2017,7:30,21:00,,,,,rolstoeltoegankelijk met GPA,,,2017-149,"(52.346594,4.90485)"
2017,150,52.349317,4.891699,Ferdinand Bolstraat 321,,Amsterdam,Zuid,,Netherlands,AP,d`Oude Raai,,,,15 maart 2017,16 maart 2017,7:30,21:00,,,,,rolstoeltoegankelijk met GPA,,,2017-150,"(52.349317,4.891699)"
2017,151,52.348064,4.884449,Stadionweg 5 (linker ingang),,Amsterdam,Zuid,,Netherlands,AP,Apollohal,,,,15 maart 2017,16 maart 2017,7:30,21:00,,,,,rolstoeltoegankelijk met GPA,,,2017-151,"(52.348064,4.884449)"
2017,152,52.353903,4.883663,Ruysdaelstraat 49 A (rode G op de deur),,Amsterdam,Zuid,,Netherlands,AP,Gezond in Zuid Paramedisch centrum,,,,15 maart 2017,16 maart 2017,7:30,21:00,,,,,rolstoeltoegankelijk met GPA,,,2017-152,"(52.353903,4.883663)"
2017,153,52.359584,4.879812,Van de Veldestraat 3,,Amsterdam,Zuid,,Netherlands,C,Cornelis Vrijschool,,,,15 maart 2017,16 maart 2017,7:30,21:00,,,,,niet rolstoeltoegankelijk,,,2017-153,"(52.359584,4.879812)"
2017,154,52.353779,4.90577,Rustenburgerstraat 15,,Amsterdam,Zuid,,Netherlands,AP,IVKO school,,,,15 maart 2017,16 maart 2017,7:30,21:00,,,,,rolstoeltoegankelijk met GPA,,,2017-154,"(52.353779,4.90577)"
2017,155,52.352626,4.881535,Joh.M. Coenenstraat 4-6,,Amsterdam,Zuid,,Netherlands,A,De Coenen,,,,15 maart 2017,16 maart 2017,7:30,21:00,,,,,rolstoeltoegankelijk,,,2017-155,"(52.352626,4.881535)"
2017,156,52.355773,4.875349,Jacob Obrechtstraat 30,,Amsterdam,Zuid,,Netherlands,B,Obrechtkerk,,,,15 maart 2017,16 maart 2017,7:30,21:00,,,,,rolstoeltoegankelijk met hulp,,,2017-156,"(52.355773,4.875349)"
2017,157,52.352579,4.876868,Heinzestraat 9,,Amsterdam,Zuid,,Netherlands,AP,Gymzaal Nicolaas Maesschool,,,,15 maart 2017,16 maart 2017,7:30,21:00,,,,,rolstoeltoegankelijk met GPA,,,2017-157,"(52.352579,4.876868)"
2017,158,52.349211,4.907507,Amstelkade 13,,Amsterdam,Zuid,,Netherlands,B,Boxing Gym Abov,,,,15 maart 2017,16 maart 2017,7:30,21:00,,,,,rolstoeltoegankelijk met hulp,,,2017-158,"(52.349211,4.907507)"
2017,159,52.354285,4.854039,Schinkelhavenstraat 27 hs,,Amsterdam,Zuid,,Netherlands,B,Stichting Munganga,,,,15 maart 2017,16 maart 2017,7:30,21:00,,,,,rolstoeltoegankelijk met hulp,,,2017-159,"(52.354285,4.854039)"
2017,160,52.35038,4.85887,Cornelis Krusemanstraat 68,,Amsterdam,Zuid,,Netherlands,C,Basisschool Elout,,,,15 maart 2017,16 maart 2017,7:30,21:00,,,,,niet rolstoeltoegankelijk,,,2017-160,"(52.35038,4.85887)"
2017,161,52.34484,4.893628,Geulstraat 9,,Amsterdam,Zuid,,Netherlands,B,OBS De Dongeschool,,,,15 maart 2017,16 maart 2017,7:30,21:00,,,,,rolstoeltoegankelijk met hulp,,,2017-161,"(52.34484,4.893628)"
2017,162,52.352907,4.855229,Derde Schinkelstraat 9,,Amsterdam,Zuid,,Netherlands,B,De Derde Schinkel,,,,15 maart 2017,16 maart 2017,7:30,21:00,,,,,rolstoeltoegankelijk met hulp,,,2017-162,"(52.352907,4.855229)"
2017,163,52.349858,4.854708,Baarsstraat 31,,Amsterdam,Zuid,,Netherlands,AP,Flatgebouw Baarsstraat,,,,15 maart 2017,16 maart 2017,7:30,21:00,,,,,rolstoeltoegankelijk met GPA,,,2017-163,"(52.349858,4.854708)"
2017,164,52.348194,4.879061,Brahmsstraat 7,,Amsterdam,Zuid,,Netherlands,C,Hervormd Lyceum Zuid,,,,15 maart 2017,16 maart 2017,7:30,21:00,,,,,niet rolstoeltoegankelijk,,,2017-164,"(52.348194,4.879061)"
2017,165,52.349772,4.873936,ingang Adama van Scheltemaplein,,Amsterdam,Zuid,,Netherlands,B,St. Ignatius Gymnasium,,,,15 maart 2017,16 maart 2017,7:30,21:00,,,,,rolstoeltoegankelijk met hulp,,,2017-165,"(52.349772,4.873936)"
2017,166,52.34709,4.862857,Hygiëaplein 10,,Amsterdam,Zuid,,Netherlands,AP,Huis van de Wijk Olympus / Europaschool,,,,15 maart 2017,16 maart 2017,7:30,21:00,,,,,rolstoeltoegankelijk met GPA,,,2017-166,"(52.34709,4.862857)"
2017,167,52.349436,4.863064,Olympiaweg 14,,Amsterdam,Zuid,,Netherlands,AP,Willem de Zwijgerkerk,,,,15 maart 2017,16 maart 2017,7:30,21:00,,,,,rolstoeltoegankelijk met GPA,,,2017-167,"(52.349436,4.863064)"
2017,168,52.343321,4.86227,Stadionkade 113 B,,Amsterdam,Zuid,,Netherlands,B,Olympiaschool,,,,15 maart 2017,16 maart 2017,7:30,21:00,,,,,rolstoeltoegankelijk met hulp,,,2017-168,"(52.343321,4.86227)"
2017,169,52.343802,4.855118,Olympisch Stadion 2,,Amsterdam,Zuid,,Netherlands,B,Olympisch Stadion,,,,15 maart 2017,16 maart 2017,7:30,21:00,,,,,rolstoeltoegankelijk met hulp,,,2017-169,"(52.343802,4.855118)"
2017,170,52.345242,4.855585,Laan der Hesperiden 18,,Amsterdam,Zuid,,Netherlands,AP,Bibliotheek Olympisch Kwartier,,,,15 maart 2017,16 maart 2017,7:30,21:00,,,,,rolstoeltoegankelijk met GPA,,,2017-170,"(52.345242,4.855585)"
2017,171,52.351454,4.870217,Willem Witsenstraat 8,,Amsterdam,Zuid,,Netherlands,B,Gymzaal,,,,15 maart 2017,16 maart 2017,7:30,21:00,,,,,rolstoeltoegankelijk met hulp,,,2017-171,"(52.351454,4.870217)"
2017,172,52.353862,4.893175,1e Jan vd Heijdenstr 161,,Amsterdam,Zuid,,Netherlands,C,OBS Oscar Carré,,,,15 maart 2017,16 maart 2017,7:30,21:00,,,,,niet rolstoeltoegankelijk,,,2017-172,"(52.353862,4.893175)"
2017,173,52.354285,4.854039,Schinkelhavenstraat 27 hs,,Amsterdam,Zuid,,Netherlands,B,Stichting Munganga,,,,15 maart 2017,16 maart 2017,7:30,21:00,,,,,rolstoeltoegankelijk met hulp,,,2017-173,"(52.354285,4.854039)"
2017,174,52.353957,4.847085,Leiduinstraat 13,,Amsterdam,Zuid,,Netherlands,AP,Dep. OBS De Notenkraker,,,,15 maart 2017,16 maart 2017,7:30,21:00,,,,,rolstoeltoegankelijk met GPA,,,2017-174,"(52.353957,4.847085)"
2017,175,52.353862,4.893175,1e Jan vd Heijdenstr 161,,Amsterdam,Zuid,,Netherlands,C,OBS Oscar Carré,,,,15 maart 2017,16 maart 2017,7:30,21:00,,,,,niet rolstoeltoegankelijk,,,2017-175,"(52.353862,4.893175)"
2017,176,52.359584,4.879812,Van de Veldestraat 3,,Amsterdam,Zuid,,Netherlands,C,Cornelis Vrijschool,,,,15 maart 2017,16 maart 2017,7:30,21:00,,,,,niet rolstoeltoegankelijk,,,2017-176,"(52.359584,4.879812)"
2017,177,52.352579,4.876868,Heinzestraat 9,,Amsterdam,Zuid,,Netherlands,AP,Gymzaal Nicolaas Maesschool,,,,15 maart 2017,16 maart 2017,7:30,21:00,,,,,rolstoeltoegankelijk met GPA,,,2017-177,"(52.352579,4.876868)"
2017,178,52.350882,4.850762,Hoofddorpweg 25,,Amsterdam,Zuid,,Netherlands,A,HoofdKwartier,,,,15 maart 2017,16 maart 2017,7:30,21:00,,,,,rolstoeltoegankelijk,,,2017-178,"(52.350882,4.850762)"
2017,179,52.349437,4.847155,Rietwijkerstraat 55,,Amsterdam,Zuid,,Netherlands,A,Tobiasschool,,,,15 maart 2017,16 maart 2017,7:30,21:00,,,,,rolstoeltoegankelijk,,,2017-179,"(52.349437,4.847155)"
2017,180,52.34484,4.893628,Geulstraat 9,,Amsterdam,Zuid,,Netherlands,C,OBS De Dongeschool,,,,15 maart 2017,16 maart 2017,7:30,21:00,,,,,niet rolstoeltoegankelijk,,,2017-180,"(52.34484,4.893628)"
2017,181,52.342802,4.894002,Niersstraat 41,,Amsterdam,Zuid,,Netherlands,B,Anne Frankschool,,,,15 maart 2017,16 maart 2017,7:30,21:00,,,,,rolstoeltoegankelijk met hulp,,,2017-181,"(52.342802,4.894002)"
2017,182,52.350164,4.890046,Pijnackerstraat 9,,Amsterdam,Zuid,,Netherlands,B,Pastorie Vredeskerk,,,,15 maart 2017,16 maart 2017,7:30,21:00,,,,,rolstoeltoegankelijk met hulp,,,2017-182,"(52.350164,4.890046)"
2017,183,52.342802,4.894002,Niersstraat 41,,Amsterdam,Zuid,,Netherlands,B,Anne Frankschool,,,,15 maart 2017,16 maart 2017,7:30,21:00,,,,,rolstoeltoegankelijk met hulp,,,2017-183,"(52.342802,4.894002)"
2017,184,52.344327,4.891359,Scheldeplein 3,,Amsterdam,Zuid,,Netherlands,C,Knijn Bowling,,,,15 maart 2017,16 maart 2017,7:30,21:00,,,,,niet rolstoeltoegankelijk,,,2017-184,"(52.344327,4.891359)"
2017,185,52.347381,4.908231,Meerhuizenplein 11,,Amsterdam,Zuid,,Netherlands,B,Centrum Karunika,,,,15 maart 2017,16 maart 2017,7:30,21:00,,,,,rolstoeltoegankelijk met hulp,,,2017-185,"(52.347381,4.908231)"
2017,186,52.344237,4.90423,Lekstraat 33 A,,Amsterdam,Zuid,,Netherlands,B,gymzaal De Rivierenschool,,,,15 maart 2017,16 maart 2017,7:30,21:00,,,,,rolstoeltoegankelijk met hulp,,,2017-186,"(52.344237,4.90423)"
2017,187,52.345757,4.909085,Kromme-Mijdrechtstraat 25,,Amsterdam,Zuid,,Netherlands,AP,Remise Lekstraat,,,,15 maart 2017,16 maart 2017,7:30,21:00,,,,,rolstoeltoegankelijk met GPA,,,2017-187,"(52.345757,4.909085)"
2017,188,52.344237,4.90423,Lekstraat 33 A,,Amsterdam,Zuid,,Netherlands,B,gymzaal De Rivierenschool,,,,15 maart 2017,16 maart 2017,7:30,21:00,,,,,rolstoeltoegankelijk met hulp,,,2017-188,"(52.344237,4.90423)"
2017,189,52.351105,4.898064,Henrick de Keijserplein 45,,Amsterdam,Zuid,,Netherlands,B,Buurtgebouw HdK,,,,15 maart 2017,16 maart 2017,7:30,21:00,,,,,rolstoeltoegankelijk met hulp,,,2017-189,"(52.351105,4.898064)"
2017,190,52.341974,4.874877,Prinses Irenestraat 36,,Amsterdam,Zuid,,Netherlands,A,Thomaskerk,,,,15 maart 2017,16 maart 2017,7:30,21:00,,,,,rolstoeltoegankelijk,,,2017-190,"(52.341974,4.874877)"
2017,191,52.333854,4.884272,De Klencke 111,,Amsterdam,Zuid,,Netherlands,AP,Revalidatie- en Zorgcentrum Vreugdehof,,,,15 maart 2017,16 maart 2017,7:30,21:00,,,,,rolstoeltoegankelijk met GPA,,,2017-191,"(52.333854,4.884272)"
2017,192,52.326664,4.88004,Van Leijenberghlaan 221,,Amsterdam,Zuid,,Netherlands,A,NH Amsterdam Zuid,,,,15 maart 2017,16 maart 2017,7:30,21:00,,,,,rolstoeltoegankelijk,,,2017-192,"(52.326664,4.88004)"
2017,193,52.326662,4.888196,Nieuw Herlaer 2,,Amsterdam,Zuid,,Netherlands,AP,Zorgcentrum De Buitenhof,,,,15 maart 2017,16 maart 2017,7:30,21:00,,,,,rolstoeltoegankelijk met GPA,,,2017-193,"(52.326662,4.888196)"
2017,194,52.331843,4.868098,Arent Janszoon Ernststr 869,,Amsterdam,Zuid,,Netherlands,AP,Andrieskerk,,,,15 maart 2017,16 maart 2017,7:30,21:00,,,,,rolstoeltoegankelijk met GPA,,,2017-194,"(52.331843,4.868098)"
2017,195,52.339588,4.892806,Europaboulevard 13,,Amsterdam,Zuid,,Netherlands,B,ROC Zuid,,,,15 maart 2017,16 maart 2017,7:30,21:00,,,,,rolstoeltoegankelijk met hulp,,,2017-195,"(52.339588,4.892806)"
2017,196,52.326623,4.874745,Zuid-Hollandstraat 7,,Amsterdam,Zuid,,Netherlands,B,Gymzaal bij school De Ark,,,,15 maart 2017,16 maart 2017,7:30,21:00,,,,,rolstoeltoegankelijk met hulp,,,2017-196,"(52.326623,4.874745)"
2017,197,52.326794,4.866514,Noordhollandstraat 17 A,,Amsterdam,Zuid,,Netherlands,AP,Menno Simonszhuis/Dynamo,,,,15 maart 2017,16 maart 2017,7:30,21:00,,,,,rolstoeltoegankelijk met GPA,,,2017-197,"(52.326794,4.866514)"
2017,198,52.327317,4.858821,Van Nijenrodeweg 937,,Amsterdam,Zuid,,Netherlands,AP,Marius ten Catehof,,,,15 maart 2017,16 maart 2017,7:30,21:00,,,,,rolstoeltoegankelijk met GPA,,,2017-198,"(52.327317,4.858821)"
2017,199,52.322888,4.861367,Doornburg 2,,Amsterdam,Zuid,,Netherlands,AP,Woonzorgcentrum Buitenveldert,,,,15 maart 2017,16 maart 2017,7:30,21:00,,,,,rolstoeltoegankelijk met GPA,,,2017-199,"(52.322888,4.861367)"
2017,200,52.340198,4.873532,Strawinskylaan 77 ingang Zuidplein,,Amsterdam,Zuid,,Netherlands,A,WTC Toren A t/m G,,,,15 maart 2017,16 maart 2017,7:30,20:00,,,,,rolstoeltoegankelijk,,,2017-200,"(52.340198,4.873532)"
2017,201,52.339977,4.854107,Burgerweeshuispad 54,,Amsterdam,Zuid,,Netherlands,AP,Sporthallen Zuid,,,,15 maart 2017,16 maart 2017,7:30,21:00,,,,,rolstoeltoegankelijk met GPA,,,2017-201,"(52.339977,4.854107)"
2017,202,52.347543,4.901743,t/o Reggestraat 20,,Amsterdam,Zuid,,Netherlands,C,Portocabin IJselplein,,,,15 maart 2017,16 maart 2017,7:30,21:00,,,,,niet rolstoeltoegankelijk,,,2017-202,"(52.347543,4.901743)"
2017,203,52.332309,4.87823,Arent Janszoon Ernststr 112,,Amsterdam,Zuid,,Netherlands,AP,Multifunctioneel Centrum Binnenhof,,,,15 maart 2017,16 maart 2017,7:30,21:00,,,,,rolstoeltoegankelijk met GPA,,,2017-203,"(52.332309,4.87823)"
2017,204,52.334586,4.866482,De Boelelaan 1105,,Amsterdam,Zuid,,Netherlands,AP,Vrije Universiteit Amsterdam,,,,15 maart 2017,16 maart 2017,7:30,21:00,,,,,rolstoeltoegankelijk met GPA,,,2017-204,"(52.334586,4.866482)"
2017,205,52.383117,4.851842,Van Gentstraat 16 A,,Amsterdam,West,,Netherlands,B,Kinderopvang Parvaneh,,,,15 maart 2017,16 maart 2017,7:30,21:00,,,,,rolstoeltoegankelijk met hulp,,,2017-205,"(52.383117,4.851842)"
2017,206,52.383837,4.850041,Gibraltarstraat 61,,Amsterdam,West,,Netherlands,B,KBS De Boomgaard,,,,15 maart 2017,16 maart 2017,7:30,21:00,,,,,rolstoeltoegankelijk met hulp,,,2017-206,"(52.383837,4.850041)"
2017,207,52.378,4.849172,Tijl Uilenspiegelstraat 11 - ingang achterzijde t.h.v. Lanseloetstr,,Amsterdam,West,,Netherlands,B,School Tijl Uilenspiegel,,,,15 maart 2017,16 maart 2017,7:30,21:00,,,,,rolstoeltoegankelijk met hulp,,,2017-207,"(52.378,4.849172)"
2017,208,52.373556,4.846406,Robert Scottstraat 28,,Amsterdam,West,,Netherlands,AP,Brede School de Springplank,,,,15 maart 2017,16 maart 2017,7:30,21:00,,,,,rolstoeltoegankelijk met GPA,,,2017-208,"(52.373556,4.846406)"
2017,209,52.377489,4.853598,Wachterliedplantsoen 2,,Amsterdam,West,,Netherlands,AP,Wachterliedpaviljoen,,,,15 maart 2017,16 maart 2017,7:30,21:00,,,,,rolstoeltoegankelijk met GPA,,,2017-209,"(52.377489,4.853598)"
2017,210,52.379372,4.86064,Jan den Haenstraat 41,,Amsterdam,West,,Netherlands,AP,Narcis-Queridoschool,,,,15 maart 2017,16 maart 2017,7:30,21:00,,,,,rolstoeltoegankelijk met GPA,,,2017-210,"(52.379372,4.86064)"
2017,211,52.376146,4.846639,Hoofdweg 495,,Amsterdam,West,,Netherlands,AP,Centrum voor Ouderen De Boeg,,,,15 maart 2017,16 maart 2017,7:30,21:00,,,,,rolstoeltoegankelijk met GPA,,,2017-211,"(52.376146,4.846639)"
2017,212,52.378646,4.84514,Bos en Lommerplein 176,,Amsterdam,West,,Netherlands,AP,De Volksuniversiteit,,,,15 maart 2017,16 maart 2017,7:30,21:00,,,,,rolstoeltoegankelijk met GPA,,,2017-212,"(52.378646,4.84514)"
2017,213,52.379027,4.840039,Meimorgenstraat 2,,Amsterdam,West,,Netherlands,B,Bos en Lommerschool,,,,15 maart 2017,16 maart 2017,7:30,21:00,,,,,rolstoeltoegankelijk met hulp,,,2017-213,"(52.379027,4.840039)"
2017,214,52.381817,4.85055,Hertspieghelweg 55,,Amsterdam,West,,Netherlands,B,de Wiltzangh,,,,15 maart 2017,16 maart 2017,7:30,21:00,,,,,rolstoeltoegankelijk met hulp,,,2017-214,"(52.381817,4.85055)"
2017,215,52.379276,4.859231,Gerard Callenburgstraat 38,,Amsterdam,West,,Netherlands,AP,t Landhuis,,,,15 maart 2017,16 maart 2017,7:30,21:00,,,,,rolstoeltoegankelijk met GPA,,,2017-215,"(52.379276,4.859231)"
2017,216,52.373377,4.840608,Laan van Spartaan 2,,Amsterdam,West,,Netherlands,AP,MBO College West,,,,15 maart 2017,16 maart 2017,7:30,21:00,,,,,rolstoeltoegankelijk met GPA,,,2017-216,"(52.373377,4.840608)"
2017,217,52.375778,4.856703,Joos Banckersweg 18 A,,Amsterdam,West,,Netherlands,B,A.K.C. Blauw-Wit,,,,15 maart 2017,16 maart 2017,7:30,21:00,,,,,rolstoeltoegankelijk met hulp,,,2017-217,"(52.375778,4.856703)"
2017,218,52.341561,4.792208,Akersluis 10,,Amsterdam,Nieuw-West,,Netherlands,AP,Molen van Sloten,,,,15 maart 2017,16 maart 2017,7:30,21:00,,,,,rolstoeltoegankelijk met GPA,,,2017-218,"(52.341561,4.792208)"
2017,219,52.365677,4.805334,President Allendelaan 733,,Amsterdam,Nieuw-West,,Netherlands,B,Vrouw en Vaart,,,,15 maart 2017,16 maart 2017,7:30,21:00,,,,,rolstoeltoegankelijk met hulp,,,2017-219,"(52.365677,4.805334)"
2017,220,52.362806,4.799059,gymlokaal ingang Veldzicht,,Amsterdam,Nieuw-West,,Netherlands,B,Het Talent,,,,15 maart 2017,16 maart 2017,7:30,21:00,,,,,rolstoeltoegankelijk met hulp,,,2017-220,"(52.362806,4.799059)"
2017,221,52.353971,4.80261,Hoekenes 59,,Amsterdam,Nieuw-West,,Netherlands,AP,Osdorpse Montessorischool,,,,15 maart 2017,16 maart 2017,7:30,21:00,,,,,rolstoeltoegankelijk met GPA,,,2017-221,"(52.353971,4.80261)"
2017,222,52.357775,4.80667,Osdorpplein 1000,,Amsterdam,Nieuw-West,,Netherlands,AP,Stadsloket Nieuw-West,,,,15 maart 2017,16 maart 2017,7:30,21:00,,,,,rolstoeltoegankelijk met GPA,,,2017-222,"(52.357775,4.80667)"
2017,223,52.354748,4.812611,Pieter Calandlaan 84,,Amsterdam,Nieuw-West,,Netherlands,AP,Dienstencentrum Osdorperhof,,,,15 maart 2017,16 maart 2017,7:30,21:00,,,,,rolstoeltoegankelijk met GPA,,,2017-223,"(52.354748,4.812611)"
2017,224,52.352402,4.81066,Louis Davidsstraat 103,,Amsterdam,Nieuw-West,,Netherlands,B,Ichthusschool,,,,15 maart 2017,16 maart 2017,7:30,21:00,,,,,rolstoeltoegankelijk met hulp,,,2017-224,"(52.352402,4.81066)"
2017,225,52.362931,4.795137,Ouwerdingenpad 3,,Amsterdam,Nieuw-West,,Netherlands,B,Verenigingsgebouw Nivon,,,,15 maart 2017,16 maart 2017,7:30,21:00,,,,,rolstoeltoegankelijk met hulp,,,2017-225,"(52.362931,4.795137)"
2017,226,52.362865,4.789133,Saaftingestraat 8,,Amsterdam,Nieuw-West,,Netherlands,AP,Zorgcentrum Leo Polak,,,,15 maart 2017,16 maart 2017,7:30,21:00,,,,,rolstoeltoegankelijk met GPA,,,2017-226,"(52.362865,4.789133)"
2017,227,52.356606,4.797409,Wolbrantskerkweg 54 - 56,,Amsterdam,Nieuw-West,,Netherlands,AP,De Wachter,,,,15 maart 2017,16 maart 2017,7:30,21:00,,,,,rolstoeltoegankelijk met GPA,,,2017-227,"(52.356606,4.797409)"
2017,228,52.355245,4.794843,Clauskindereweg 21,,Amsterdam,Nieuw-West,,Netherlands,AP,Nieuw Amstelrade,,,,15 maart 2017,16 maart 2017,7:30,21:00,,,,,rolstoeltoegankelijk met GPA,,,2017-228,"(52.355245,4.794843)"
2017,229,52.348837,4.79305,Cycladenlaan 2 A,,Amsterdam,Nieuw-West,,Netherlands,A,Basisschool de Odyssee,,,,15 maart 2017,16 maart 2017,7:30,21:00,,,,,rolstoeltoegankelijk,,,2017-229,"(52.348837,4.79305)"
2017,230,52.355055,4.782149,Noorderakerweg 2,,Amsterdam,Nieuw-West,,Netherlands,A,Huis van de Wijk De Aker,,,,15 maart 2017,16 maart 2017,7:30,21:00,,,,,rolstoeltoegankelijk,,,2017-230,"(52.355055,4.782149)"
2017,231,52.357443,4.786858,Schuitenhuisstraat 5,,Amsterdam,Nieuw-West,,Netherlands,A,Jenaplanschool Atlantis,,,,15 maart 2017,16 maart 2017,7:30,21:00,,,,,rolstoeltoegankelijk,,,2017-231,"(52.357443,4.786858)"
2017,232,52.342661,4.811123,Anderlechtlaan 200,,Amsterdam,Nieuw-West,,Netherlands,A,Ymere Amsterdam-West,,,,15 maart 2017,16 maart 2017,7:30,21:00,,,,,rolstoeltoegankelijk,,,2017-232,"(52.342661,4.811123)"
2017,233,52.350814,4.775411,Brenner 9 - ingang Monte Rosaplein-schoolpleinzijde,,Amsterdam,Nieuw-West,,Netherlands,A,Horizon Brenner,,,,15 maart 2017,16 maart 2017,7:30,21:00,,,,,rolstoeltoegankelijk,,,2017-233,"(52.350814,4.775411)"
2017,234,52.35053,4.788389,zij-ingang Iwan Kantemanplein,,Amsterdam,Nieuw-West,,Netherlands,C,Obs de Horizon,,,,15 maart 2017,16 maart 2017,7:30,21:00,,,,,niet rolstoeltoegankelijk,,,2017-234,"(52.35053,4.788389)"
2017,235,52.358926,4.806788,Osdorpplein 16,,Amsterdam,Nieuw-West,,Netherlands,AP,OBA Osdorp,,,,15 maart 2017,16 maart 2017,7:30,21:00,,,,,rolstoeltoegankelijk met GPA,,,2017-235,"(52.358926,4.806788)"
2017,236,52.35315,4.800052,Koos Vorrinkweg 5,,Amsterdam,Nieuw-West,,Netherlands,AP,Basisschool De Wereldburger - gymgebouw,,,,15 maart 2017,16 maart 2017,7:30,21:00,,,,,rolstoeltoegankelijk met GPA,,,2017-236,"(52.35315,4.800052)"
2017,237,52.392789,4.878756,Revaleiland 1,,Amsterdam,West,,Netherlands,A,De Spaarndammerhout,,,,15 maart 2017,16 maart 2017,7:30,21:00,,,,,rolstoeltoegankelijk,,,2017-237,"(52.392789,4.878756)"
2017,238,52.390315,4.873952,Oostzaanstraat 45,,Amsterdam,West,,Netherlands,AP,Museum Het Schip,,,,15 maart 2017,16 maart 2017,7:30,21:00,,,,,rolstoeltoegankelijk met GPA,,,2017-238,"(52.390315,4.873952)"
2017,239,52.389003,4.87833,Polanenstraat 6,,Amsterdam,West,,Netherlands,AP,De Bogt Westerbeer,,,,15 maart 2017,16 maart 2017,7:30,21:00,,,,,rolstoeltoegankelijk met GPA,,,2017-239,"(52.389003,4.87833)"
2017,240,52.389875,4.886825,Roggeveenstraat 14,,Amsterdam,West,,Netherlands,C,De Zeeheld,,,,15 maart 2017,16 maart 2017,7:30,21:00,,,,,niet rolstoeltoegankelijk,,,2017-240,"(52.389875,4.886825)"
2017,241,52.38346,4.876704,Van Limburg Stirumstraat 119,,Amsterdam,West,,Netherlands,AP,De Koperen Knoop,,,,15 maart 2017,16 maart 2017,7:30,21:00,,,,,rolstoeltoegankelijk met GPA,,,2017-241,"(52.38346,4.876704)"
2017,242,52.384882,4.87704,Van Hogendorpplein 11,,Amsterdam,West,,Netherlands,AP,Westerparkschool,,,,15 maart 2017,16 maart 2017,7:30,21:00,,,,,rolstoeltoegankelijk met GPA,,,2017-242,"(52.384882,4.87704)"
2017,243,52.382336,4.874484,Van Beuningenstraat 141,,Amsterdam,West,,Netherlands,B,School De Bron,,,,15 maart 2017,16 maart 2017,7:30,21:00,,,,,rolstoeltoegankelijk met hulp,,,2017-243,"(52.382336,4.874484)"
2017,244,52.377968,4.876429,ingang Van Oldenbarneveldtplein 16,,Amsterdam,West,,Netherlands,B,Cartesius Lyceum,,,,15 maart 2017,16 maart 2017,7:30,21:00,,,,,rolstoeltoegankelijk met hulp,,,2017-244,"(52.377968,4.876429)"
2017,245,52.381641,4.867589,Van Hogendorpstraat 921,,Amsterdam,West,,Netherlands,B,Van Hogendorphal,,,,15 maart 2017,16 maart 2017,7:30,21:00,,,,,rolstoeltoegankelijk met hulp,,,2017-245,"(52.381641,4.867589)"
2017,246,52.373209,4.873371,Hugo de Grootkade 20,,Amsterdam,West,,Netherlands,AP,Amsta locatie De Poort,,,,15 maart 2017,16 maart 2017,7:30,21:00,,,,,rolstoeltoegankelijk met GPA,,,2017-246,"(52.373209,4.873371)"
2017,247,52.375217,4.866137,Jan van Galenstraat 31,,Amsterdam,West,,Netherlands,AP,Marcanti College,,,,15 maart 2017,16 maart 2017,7:30,21:00,,,,,rolstoeltoegankelijk met GPA,,,2017-247,"(52.375217,4.866137)"
2017,248,52.379489,4.872931,Van Hallstraat 621,,Amsterdam,West,,Netherlands,AP,Dependance Westerparkschool,,,,15 maart 2017,16 maart 2017,7:30,21:00,,,,,rolstoeltoegankelijk met GPA,,,2017-248,"(52.379489,4.872931)"
2017,249,52.379665,4.872048,Van Hallstraat 615,,Amsterdam,West,,Netherlands,AP,Openbare Bibliotheek Amsterdam,,,,15 maart 2017,16 maart 2017,7:30,21:00,,,,,rolstoeltoegankelijk met GPA,,,2017-249,"(52.379665,4.872048)"
2017,250,52.369166,4.865416,Douwes Dekkerstraat 2,,Amsterdam,West,,Netherlands,AP,Buurthuis De Havelaar,,,,15 maart 2017,16 maart 2017,7:30,21:00,,,,,rolstoeltoegankelijk met GPA,,,2017-250,"(52.369166,4.865416)"
2017,251,52.366601,4.868823,Hannie Dankbaarpassage 23,,Amsterdam,West,,Netherlands,A,Galerie Beeldend Gesproken,,,,15 maart 2017,16 maart 2017,7:30,21:00,,,,,rolstoeltoegankelijk,,,2017-251,"(52.366601,4.868823)"
2017,252,52.368351,4.874382,Da Costastraat 64,,Amsterdam,West,,Netherlands,B,Schoolgebouw ROC,,,,15 maart 2017,16 maart 2017,7:30,21:00,,,,,rolstoeltoegankelijk met hulp,,,2017-252,"(52.368351,4.874382)"
2017,253,52.364655,4.865762,ingang Nicolaas Beetsplantsoen,,Amsterdam,West,,Netherlands,AP,Brede School De Kinkerbuurt,,,,15 maart 2017,16 maart 2017,7:30,21:00,,,,,rolstoeltoegankelijk met GPA,,,2017-253,"(52.364655,4.865762)"
2017,254,52.365317,4.863009,Jan Pieter Heijestraat 45,,Amsterdam,West,,Netherlands,AP,Schoolgebouw Winterkoninkje,,,,15 maart 2017,16 maart 2017,7:30,21:00,,,,,rolstoeltoegankelijk met GPA,,,2017-254,"(52.365317,4.863009)"
2017,255,52.367468,4.876066,Nassaukade 342 A,,Amsterdam,West,,Netherlands,A,Leonardo da Vinci school,,,,15 maart 2017,16 maart 2017,7:30,21:00,,,,,rolstoeltoegankelijk,,,2017-255,"(52.367468,4.876066)"
2017,256,52.36469,4.873646,1e C Huygensstr 38,,Amsterdam,West,,Netherlands,AP,Mentrum,,,,15 maart 2017,16 maart 2017,7:30,21:00,,,,,rolstoeltoegankelijk met GPA,,,2017-256,"(52.36469,4.873646)"
2017,257,52.36035,4.869732,Anna van den Vondelstr 30,,Amsterdam,West,,Netherlands,AP,Vondelstede,,,,15 maart 2017,16 maart 2017,7:30,21:00,,,,,rolstoeltoegankelijk met GPA,,,2017-257,"(52.36035,4.869732)"
2017,258,52.360585,4.864048,Eerste Helmersstraat 271,,Amsterdam,West,,Netherlands,AP,Wackersacademie,,,,15 maart 2017,16 maart 2017,7:30,21:00,,,,,rolstoeltoegankelijk met GPA,,,2017-258,"(52.360585,4.864048)"
2017,259,52.360355,4.860601,Pieter Langendijkstraat 44,,Amsterdam,West,,Netherlands,AP,Annie M.G. Schmidt,,,,15 maart 2017,16 maart 2017,7:30,21:00,,,,,rolstoeltoegankelijk met GPA,,,2017-259,"(52.360355,4.860601)"
2017,260,52.369804,4.871648,Da Costakade 102,,Amsterdam,West,,Netherlands,AP,De Nieuwe Liefde,,,,15 maart 2017,16 maart 2017,7:30,21:00,,,,,rolstoeltoegankelijk met GPA,,,2017-260,"(52.369804,4.871648)"
2017,261,52.365374,4.867765,Borgerstraat 45,,Amsterdam,West,,Netherlands,AP,De Klinker,,,,15 maart 2017,16 maart 2017,7:30,21:00,,,,,rolstoeltoegankelijk met GPA,,,2017-261,"(52.365374,4.867765)"
2017,262,52.367846,4.87405,Kinkerstraat 42,,Amsterdam,West,,Netherlands,AP,Philadelphia Zorg Amsterdam,,,,15 maart 2017,16 maart 2017,7:30,21:00,,,,,rolstoeltoegankelijk met GPA,,,2017-262,"(52.367846,4.87405)"
2017,263,52.357275,4.855382,Amstelveenseweg 3. via Sticky Fingers,,Amsterdam,West,,Netherlands,A,Conscious Hotel The Tire Station,,,,15 maart 2017,16 maart 2017,7:30,21:00,,,,,rolstoeltoegankelijk,,,2017-263,"(52.357275,4.855382)"
2017,264,52.358608,4.855954,Derde Kostverlorenkade 35,,Amsterdam,West,,Netherlands,AP,Theater de Cameleon,,,,15 maart 2017,16 maart 2017,7:30,21:00,,,,,rolstoeltoegankelijk met GPA,,,2017-264,"(52.358608,4.855954)"
2017,265,52.363827,4.851252,Postjesweg 125,,Amsterdam,West,,Netherlands,AP,Nieuw Vredenburgh,,,,15 maart 2017,16 maart 2017,7:30,21:00,,,,,rolstoeltoegankelijk met GPA,,,2017-265,"(52.363827,4.851252)"
2017,266,52.361675,4.852408,Corantijnstraat 9,,Amsterdam,West,,Netherlands,B,Aslan Muziekcentrum,,,,15 maart 2017,16 maart 2017,7:30,21:00,,,,,rolstoeltoegankelijk met hulp,,,2017-266,"(52.361675,4.852408)"
2017,267,52.368855,4.856198,Balboaplein 44,,Amsterdam,West,,Netherlands,AP,Joop Westerweelschool,,,,15 maart 2017,16 maart 2017,7:30,21:00,,,,,rolstoeltoegankelijk met GPA,,,2017-267,"(52.368855,4.856198)"
2017,268,52.368721,4.858373,Witte de Withplein 5,,Amsterdam,West,,Netherlands,A,De Wending,,,,15 maart 2017,16 maart 2017,7:30,21:00,,,,,rolstoeltoegankelijk,,,2017-268,"(52.368721,4.858373)"
2017,269,52.369386,4.85026,Mercatorplein 89,,Amsterdam,West,,Netherlands,AP,Openbare Bibliotheek Amsterdam,,,,15 maart 2017,16 maart 2017,7:30,21:00,,,,,rolstoeltoegankelijk met GPA,,,2017-269,"(52.369386,4.85026)"
2017,270,52.373165,4.855354,Vancouverstraat 3-5,,Amsterdam,West,,Netherlands,B,Rosa Boekdrukkerschool,,,,15 maart 2017,16 maart 2017,7:30,21:00,,,,,rolstoeltoegankelijk met hulp,,,2017-270,"(52.373165,4.855354)"
2017,271,52.374232,4.860818,Reinier Claeszenplein 12,,Amsterdam,West,,Netherlands,B,School De Roos,,,,15 maart 2017,16 maart 2017,7:30,21:00,,,,,rolstoeltoegankelijk met hulp,,,2017-271,"(52.374232,4.860818)"
2017,272,52.371717,4.857089,Cornelis Dirkszstraat 6,,Amsterdam,West,,Netherlands,AP,Al Maes,,,,15 maart 2017,16 maart 2017,7:30,21:00,,,,,rolstoeltoegankelijk met GPA,,,2017-272,"(52.371717,4.857089)"
2017,273,52.364546,4.859348,Postjesweg 1,,Amsterdam,West,,Netherlands,A,Het Sieraad,,,,15 maart 2017,16 maart 2017,7:30,21:00,,,,,rolstoeltoegankelijk,,,2017-273,"(52.364546,4.859348)"
2017,274,52.365323,4.860249,Baarsjesweg 202,,Amsterdam,West,,Netherlands,AP,Dansschool Meneer de Wit,,,,15 maart 2017,16 maart 2017,7:30,21:00,,,,,rolstoeltoegankelijk met GPA,,,2017-274,"(52.365323,4.860249)"
2017,275,52.365705,4.855282,Columbusplein 253,,Amsterdam,West,,Netherlands,AP,Buurthuis Jacob Maris,,,,15 maart 2017,16 maart 2017,7:30,21:00,,,,,rolstoeltoegankelijk met GPA,,,2017-275,"(52.365705,4.855282)"
2017,276,52.370011,4.861485,Chasséstraat 64,,Amsterdam,West,,Netherlands,A,Chassé Dance Studios,,,,15 maart 2017,16 maart 2017,7:30,21:00,,,,,rolstoeltoegankelijk,,,2017-276,"(52.370011,4.861485)"
2017,277,52.360791,4.830222,Jacob Geelstraat 42 - (ingang links om de hoek),,Amsterdam,Nieuw-West,,Netherlands,A,Huizingaschool,,,,15 maart 2017,16 maart 2017,7:30,21:00,,,,,rolstoeltoegankelijk,,,2017-277,"(52.360791,4.830222)"
2017,278,52.359443,4.822591,Comeniusstraat 20,,Amsterdam,Nieuw-West,,Netherlands,AP,De Schutse,,,,15 maart 2017,16 maart 2017,7:30,21:00,,,,,rolstoeltoegankelijk met GPA,,,2017-278,"(52.359443,4.822591)"
2017,279,52.364371,4.832805,Lakenhalstraat 2,,Amsterdam,Nieuw-West,,Netherlands,B,BSO De Groeiwereld,,,,15 maart 2017,16 maart 2017,7:30,21:00,,,,,rolstoeltoegankelijk met hulp,,,2017-279,"(52.364371,4.832805)"
2017,280,52.36092,4.823233,Hemsterhuisstraat 87 A,,Amsterdam,Nieuw-West,,Netherlands,B,Pro Rege Basisschool,,,,15 maart 2017,16 maart 2017,7:30,21:00,,,,,rolstoeltoegankelijk met hulp,,,2017-280,"(52.36092,4.823233)"
2017,281,52.356187,4.831572,Pieter Calandlaan 3,,Amsterdam,Nieuw-West,,Netherlands,AP,Calvijn College,,,,15 maart 2017,16 maart 2017,7:30,21:00,,,,,rolstoeltoegankelijk met GPA,,,2017-281,"(52.356187,4.831572)"
2017,282,52.353246,4.833091,Jacques Veltmanstraat 427,,Amsterdam,Nieuw-West,,Netherlands,AP,Huis van de wijk Het Anker,,,,15 maart 2017,16 maart 2017,7:30,21:00,,,,,rolstoeltoegankelijk met GPA,,,2017-282,"(52.353246,4.833091)"
2017,283,52.347475,4.817797,Hechtelstraat 49 (zij-ingang),,Amsterdam,Nieuw-West,,Netherlands,AP,Obs De Vlaamse Reus,,,,15 maart 2017,16 maart 2017,7:30,21:00,,,,,rolstoeltoegankelijk met GPA,,,2017-283,"(52.347475,4.817797)"
2017,284,52.367482,4.836892,Jan Tooropstraat 136,,Amsterdam,Nieuw-West,,Netherlands,A,Hogeschool Ipabo,,,,15 maart 2017,16 maart 2017,7:30,21:00,,,,,rolstoeltoegankelijk,,,2017-284,"(52.367482,4.836892)"
2017,285,52.347386,4.823683,Louwesweg 10,,Amsterdam,Nieuw-West,,Netherlands,AP,Verpleeghuis Hof van Sloten,,,,15 maart 2017,16 maart 2017,7:30,21:00,,,,,rolstoeltoegankelijk met GPA,,,2017-285,"(52.347386,4.823683)"
2017,286,52.356187,4.831572,Pieter Calandlaan 3,,Amsterdam,Nieuw-West,,Netherlands,AP,Calvijn College,,,,15 maart 2017,16 maart 2017,7:30,21:00,,,,,rolstoeltoegankelijk met GPA,,,2017-286,"(52.356187,4.831572)"
2017,287,52.359666,4.839529,Jan Sluijtersstraat 3 (ingang gymzaal),,Amsterdam,Nieuw-West,,Netherlands,B,Alexander Roozendaalschool,,,,15 maart 2017,16 maart 2017,7:30,21:00,,,,,rolstoeltoegankelijk met hulp,,,2017-287,"(52.359666,4.839529)"
2017,288,52.357575,4.844237,Hendrikje Stoffelsstraat 1,,Amsterdam,Nieuw-West,,Netherlands,A,Westcord Fashion Hotel Amsterdam,,,,15 maart 2017,16 maart 2017,7:30,21:00,,,,,rolstoeltoegankelijk,,,2017-288,"(52.357575,4.844237)"
2017,289,52.348879,4.839251,Overschiestraat 168 A,,Amsterdam,Nieuw-West,,Netherlands,AP,Brede school Fiep Westendorp,,,,15 maart 2017,16 maart 2017,7:30,21:00,,,,,rolstoeltoegankelijk met GPA,,,2017-289,"(52.348879,4.839251)"
2017,290,52.347285,4.806441,Westmallepad 11,,Amsterdam,Nieuw-West,,Netherlands,A,R.K. Basisschool De Mijlpaal,,,,15 maart 2017,16 maart 2017,7:30,21:00,,,,,rolstoeltoegankelijk,,,2017-290,"(52.347285,4.806441)"
2017,291,52.344724,4.812109,Anderlechtlaan 1,,Amsterdam,Nieuw-West,,Netherlands,A,Dependance De Mijlpaal,,,,15 maart 2017,16 maart 2017,7:30,21:00,,,,,rolstoeltoegankelijk,,,2017-291,"(52.344724,4.812109)"
2017,292,52.36563,4.829134,Bonnefantenstraat 10,,Amsterdam,Nieuw-West,,Netherlands,A,Oostoever,,,,15 maart 2017,16 maart 2017,7:30,21:00,,,,,rolstoeltoegankelijk,,,2017-292,"(52.36563,4.829134)"
2017,293,52.349596,4.832946,Ottho Heldringstraat 13 A,,Amsterdam,Nieuw-West,,Netherlands,AP,Cordaan,,,,15 maart 2017,16 maart 2017,7:30,21:00,,,,,rolstoeltoegankelijk met GPA,,,2017-293,"(52.349596,4.832946)"
2017,294,52.359148,4.840225,Johan Jongkindstraat 3,,Amsterdam,Nieuw-West,,Netherlands,A,Woon- en Zorgcentrum De Riekerhof,,,,15 maart 2017,16 maart 2017,7:30,21:00,,,,,rolstoeltoegankelijk,,,2017-294,"(52.359148,4.840225)"
2017,295,52.354782,4.825336,Van Ollefenstraat 9,,Amsterdam,Nieuw-West,,Netherlands,A,Regenbooggemeente,,,,15 maart 2017,16 maart 2017,7:30,21:00,,,,,rolstoeltoegankelijk,,,2017-295,"(52.354782,4.825336)"
2017,296,52.363088,4.839032,August Allebéplein 5,,Amsterdam,Nieuw-West,,Netherlands,AP,Het Meervoud,,,,15 maart 2017,16 maart 2017,7:30,21:00,,,,,rolstoeltoegankelijk met GPA,,,2017-296,"(52.363088,4.839032)"
2017,297,52.383228,4.833055,Burg Vening Meineszlaan 64,,Amsterdam,Nieuw-West,,Netherlands,AP,Leger des Heils De Kandelaar,,,,15 maart 2017,16 maart 2017,7:30,21:00,,,,,rolstoeltoegankelijk met GPA,,,2017-297,"(52.383228,4.833055)"
2017,298,52.382752,4.823528,Burg Vening Meineszlaan 185,,Amsterdam,Nieuw-West,,Netherlands,B,Buurtkamer Tante Ali,,,,15 maart 2017,16 maart 2017,7:30,21:00,,,,,rolstoeltoegankelijk met hulp,,,2017-298,"(52.382752,4.823528)"
2017,299,52.379941,4.798156,Aalbersestraat 248 A,,Amsterdam,Nieuw-West,,Netherlands,AP,Stichting De Brug,,,,15 maart 2017,16 maart 2017,7:30,21:00,,,,,rolstoeltoegankelijk met GPA,,,2017-299,"(52.379941,4.798156)"
2017,300,52.380594,4.836715,Harry Koningsbergerstr 30,,Amsterdam,Nieuw-West,,Netherlands,B,Al Wafa Islamitische Basisschool,,,,15 maart 2017,16 maart 2017,7:30,21:00,,,,,rolstoeltoegankelijk met hulp,,,2017-300,"(52.380594,4.836715)"
2017,301,52.37869,4.819923,Slotermeerlaan 103,,Amsterdam,Nieuw-West,,Netherlands,B,Visio Amsterdam Onderwijs,,,,15 maart 2017,16 maart 2017,7:30,21:00,,,,,rolstoeltoegankelijk met hulp,,,2017-301,"(52.37869,4.819923)"
2017,302,52.378617,4.810319,Van Moerkerkenstraat 89,,Amsterdam,Nieuw-West,,Netherlands,B,Basisschool Veerkracht,,,,15 maart 2017,16 maart 2017,7:30,21:00,,,,,rolstoeltoegankelijk met hulp,,,2017-302,"(52.378617,4.810319)"
2017,303,52.382107,4.796306,Cornelis Outshoornstraat 126,,Amsterdam,Nieuw-West,,Netherlands,A,Woonzorgcentrum Nieuw Geuzenveld,,,,15 maart 2017,16 maart 2017,7:30,21:00,,,,,rolstoeltoegankelijk,,,2017-303,"(52.382107,4.796306)"
2017,304,52.38292,4.802538,Abraham Kuyperplein 2,,Amsterdam,Nieuw-West,,Netherlands,A,`t Koggeschip Katholieke Basisschool,,,,15 maart 2017,16 maart 2017,7:30,21:00,,,,,rolstoeltoegankelijk,,,2017-304,"(52.38292,4.802538)"
2017,305,52.379312,4.820238,Slotermeerlaan 103 E,,Amsterdam,Nieuw-West,,Netherlands,AP,OBA Slotermeer,,,,15 maart 2017,16 maart 2017,7:30,21:00,,,,,rolstoeltoegankelijk met GPA,,,2017-305,"(52.379312,4.820238)"
2017,306,52.379101,4.821152,Plein `40-`45 nr. 1,,Amsterdam,Nieuw-West,,Netherlands,AP,Tuinstadhuis Geuzenveld,,,,15 maart 2017,16 maart 2017,7:30,21:00,,,,,rolstoeltoegankelijk met GPA,,,2017-306,"(52.379101,4.821152)"
2017,307,52.379474,4.805359,Sam van Houtenstraat 2,,Amsterdam,Nieuw-West,,Netherlands,AP,Timotheusschool,,,,15 maart 2017,16 maart 2017,7:30,21:00,,,,,rolstoeltoegankelijk met GPA,,,2017-307,"(52.379474,4.805359)"
2017,308,52.372543,4.812439,Thomas van Aquinostraat 2,,Amsterdam,Nieuw-West,,Netherlands,B,SBO De Kans,,,,15 maart 2017,16 maart 2017,7:30,21:00,,,,,rolstoeltoegankelijk met hulp,,,2017-308,"(52.372543,4.812439)"
2017,309,52.376624,4.831551,Herman Poortstraat 17,,Amsterdam,Nieuw-West,,Netherlands,A,Spring High,,,,15 maart 2017,16 maart 2017,7:30,21:00,,,,,rolstoeltoegankelijk,,,2017-309,"(52.376624,4.831551)"
2017,310,52.379685,4.806223,Dr. H. Colijnstraat 431,,Amsterdam,Nieuw-West,,Netherlands,AP,Amsta De Raak,,,,15 maart 2017,16 maart 2017,7:30,21:00,,,,,rolstoeltoegankelijk met GPA,,,2017-310,"(52.379685,4.806223)"
2017,311,52.375899,4.824438,Louis Couperusstraat 131,,Amsterdam,Nieuw-West,,Netherlands,C,Noordmansschool,,,,15 maart 2017,16 maart 2017,7:30,21:00,,,,,niet rolstoeltoegankelijk,,,2017-311,"(52.375899,4.824438)"
2017,312,52.378023,4.802734,Albardakade 5-7,,Amsterdam,Nieuw-West,,Netherlands,AP,PlusPunt Eigenwijks Geuzenveld,,,,15 maart 2017,16 maart 2017,7:30,21:00,,,,,rolstoeltoegankelijk met GPA,,,2017-312,"(52.378023,4.802734)"
2017,313,52.375576,4.822709,Willem Kloosstraat 1,,Amsterdam,Nieuw-West,,Netherlands,A,Oase/De Bron,,,,15 maart 2017,16 maart 2017,7:30,21:00,,,,,rolstoeltoegankelijk,,,2017-313,"(52.375576,4.822709)"
2017,314,52.375291,4.806603,Dr. H. Colijnstraat 2,,Amsterdam,Nieuw-West,,Netherlands,B,Pieter Jelles Troelstraschool,,,,15 maart 2017,16 maart 2017,7:30,21:00,,,,,rolstoeltoegankelijk met hulp,,,2017-314,"(52.375291,4.806603)"
2017,315,52.390609,4.837399,Orlyplein 1,,Amsterdam,Nieuw-West,,Netherlands,A,Meininger Hotel,,,,15 maart 2017,16 maart 2017,7:30,21:00,,,,,rolstoeltoegankelijk,,,2017-315,"(52.390609,4.837399)"
2017,316,52.369024,4.843789,Jan Evertsenstraat 171,,Amsterdam,Nieuw-West,,Netherlands,B,Hotelschool The Hague,,,,15 maart 2017,16 maart 2017,7:30,21:00,,,,,rolstoeltoegankelijk met hulp,,,2017-316,"(52.369024,4.843789)"
2017,317,52.400828,4.932927,Buikslotermeerplein 2000,,Amsterdam,Noord,,Netherlands,AP,Stadsdeelkantoor Amsterdam-Noord,,,,15 maart 2017,16 maart 2017,7:30,21:00,,,,,rolstoeltoegankelijk met GPA,,,2017-317,"(52.400828,4.932927)"
2017,318,52.391884,4.959094,Volendammerweg 160,,Amsterdam,Noord,,Netherlands,A,Brede Mgr. Bekkersschool,,,,15 maart 2017,16 maart 2017,7:30,21:00,,,,,rolstoeltoegankelijk,,,2017-318,"(52.391884,4.959094)"
2017,319,52.404836,4.939881,Amerbos 590,,Amsterdam,Noord,,Netherlands,AP,Evean Korthagenhuis,,,,15 maart 2017,16 maart 2017,7:30,21:00,,,,,rolstoeltoegankelijk met GPA,,,2017-319,"(52.404836,4.939881)"
2017,320,52.383039,4.90488,Buiksloterweg 7,,Amsterdam,Noord,,Netherlands,A,Het Tolhuis,,,,15 maart 2017,16 maart 2017,7:30,21:00,,,,,rolstoeltoegankelijk,,,2017-320,"(52.383039,4.90488)"
2017,321,52.398052,4.942726,Dollardplein 2,,Amsterdam,Noord,,Netherlands,AP,Het Schouw,,,,15 maart 2017,16 maart 2017,7:30,21:00,,,,,rolstoeltoegankelijk met GPA,,,2017-321,"(52.398052,4.942726)"
2017,322,52.383736,4.965092,Wijkergouw 12,,Amsterdam,Noord,,Netherlands,A,Wijkgebouw Schellingwoude,,,,15 maart 2017,16 maart 2017,7:30,21:00,,,,,rolstoeltoegankelijk,,,2017-322,"(52.383736,4.965092)"
2017,323,52.394767,4.951133,Alkmaarstraat 10,,Amsterdam,Noord,,Netherlands,AP,Muziekschool Noord,,,,15 maart 2017,16 maart 2017,7:30,21:00,,,,,rolstoeltoegankelijk met GPA,,,2017-323,"(52.394767,4.951133)"
2017,324,52.407693,4.920865,Binnenvaart 1,,Amsterdam,Noord,,Netherlands,A,OBS De Driemaster,,,,15 maart 2017,16 maart 2017,7:30,21:00,,,,,rolstoeltoegankelijk,,,2017-324,"(52.407693,4.920865)"
2017,325,52.39348,4.915505,Ribesstraat 15,,Amsterdam,Noord,,Netherlands,B,OBS Oranje Nassauschool,,,,15 maart 2017,16 maart 2017,7:30,21:00,,,,,rolstoeltoegankelijk met hulp,,,2017-325,"(52.39348,4.915505)"
2017,326,52.395309,4.949394,Beemsterstraat 491,,Amsterdam,Noord,,Netherlands,AP,Het Zwanenmeer,,,,15 maart 2017,16 maart 2017,7:30,21:00,,,,,rolstoeltoegankelijk met GPA,,,2017-326,"(52.395309,4.949394)"
2017,327,52.388129,4.926021,Zamenhofstraat 28 A,,Amsterdam,Noord,,Netherlands,A,Museum Amsterdam Noord,,,,15 maart 2017,16 maart 2017,7:30,21:00,,,,,rolstoeltoegankelijk,,,2017-327,"(52.388129,4.926021)"
2017,328,52.395692,4.953445,Duinluststraat 20,,Amsterdam,Noord,,Netherlands,A,Middelbare School Hogelant,,,,15 maart 2017,16 maart 2017,7:30,21:00,,,,,rolstoeltoegankelijk,,,2017-328,"(52.395692,4.953445)"
2017,329,52.389435,4.950495,Monnikendammerplantsoen 12 A,,Amsterdam,Noord,,Netherlands,B,Speeltuinvereniging Nieuwendam,,,,15 maart 2017,16 maart 2017,7:30,21:00,,,,,rolstoeltoegankelijk met hulp,,,2017-329,"(52.389435,4.950495)"
2017,330,52.391636,4.940572,Brede Kerkepad 6-8 (ingang via hek),,Amsterdam,Noord,,Netherlands,B,Protestantse Gemeente Nieuwendam,,,,15 maart 2017,16 maart 2017,7:30,21:00,,,,,rolstoeltoegankelijk met hulp,,,2017-330,"(52.391636,4.940572)"
2017,331,52.39891,4.932036,Loenermark 900,,Amsterdam,Noord,,Netherlands,AP,De Die,,,,15 maart 2017,16 maart 2017,7:30,21:00,,,,,rolstoeltoegankelijk met GPA,,,2017-331,"(52.39891,4.932036)"
2017,332,52.390076,4.916129,Varenweg 6,,Amsterdam,Noord,,Netherlands,AP,OBS De Klimop,,,,15 maart 2017,16 maart 2017,7:30,21:00,,,,,rolstoeltoegankelijk met GPA,,,2017-332,"(52.390076,4.916129)"
2017,333,52.404236,4.888706,NDSM-straat 1,,Amsterdam,Noord,,Netherlands,A,ROC-TOP,,,,15 maart 2017,16 maart 2017,7:30,21:00,,,,,rolstoeltoegankelijk,,,2017-333,"(52.404236,4.888706)"
2017,334,52.393882,4.928591,Waddenweg 116,,Amsterdam,Noord,,Netherlands,A,Buurtcentrum de Driehoek,,,,15 maart 2017,16 maart 2017,7:30,21:00,,,,,rolstoeltoegankelijk,,,2017-334,"(52.393882,4.928591)"
2017,335,52.388601,4.920273,Adelaarsweg 113 (ingang speelplaats),,Amsterdam,Noord,,Netherlands,A,OBS De Kinderboom,,,,15 maart 2017,16 maart 2017,7:30,21:00,,,,,rolstoeltoegankelijk,,,2017-335,"(52.388601,4.920273)"
2017,336,52.38679,4.917016,Mussenstraat 26,,Amsterdam,Noord,,Netherlands,B,OBS Het Vogelnest,,,,15 maart 2017,16 maart 2017,7:30,21:00,,,,,rolstoeltoegankelijk met hulp,,,2017-336,"(52.38679,4.917016)"
2017,337,52.38443,4.917775,Motorwal 300,,Amsterdam,Noord,,Netherlands,AP,Buurtcentrum De Meeuw,,,,15 maart 2017,16 maart 2017,7:30,21:00,,,,,rolstoeltoegankelijk met GPA,,,2017-337,"(52.38443,4.917775)"
2017,338,52.409934,4.890684,Meteorenweg 19 A,,Amsterdam,Noord,,Netherlands,A,Gebouw `t Laantje,,,,15 maart 2017,16 maart 2017,7:30,21:00,,,,,rolstoeltoegankelijk,,,2017-338,"(52.409934,4.890684)"
2017,339,52.39279,4.904744,Distelweg 85,,Amsterdam,Noord,,Netherlands,A,Kringloopbedrijf De Lokatie,,,,15 maart 2017,16 maart 2017,7:30,21:00,,,,,rolstoeltoegankelijk,,,2017-339,"(52.39279,4.904744)"
2017,340,52.382992,4.911093,IJplein 3,,Amsterdam,Noord,,Netherlands,A,Buurtcentrum De Valk,,,,15 maart 2017,16 maart 2017,7:30,21:00,,,,,rolstoeltoegankelijk,,,2017-340,"(52.382992,4.911093)"
2017,341,52.39671,4.918718,Wingerdweg 260 B,,Amsterdam,Noord,,Netherlands,A,Buurtvereniging Bloemenkwartier,,,,15 maart 2017,16 maart 2017,7:30,21:00,,,,,rolstoeltoegankelijk,,,2017-341,"(52.39671,4.918718)"
2017,342,52.3931,4.954837,Waterlandplein 302,,Amsterdam,Noord,,Netherlands,AP,Huis van de Wijk,,,,15 maart 2017,16 maart 2017,7:30,21:00,,,,,rolstoeltoegankelijk met GPA,,,2017-342,"(52.3931,4.954837)"
2017,343,52.421029,4.889737,Molenwijk 3,,Amsterdam,Noord,,Netherlands,AP,OBS De Bonkelaar,,,,15 maart 2017,16 maart 2017,7:30,21:00,,,,,rolstoeltoegankelijk met GPA,,,2017-343,"(52.421029,4.889737)"
2017,344,52.404638,4.907701,Schoenerstraat 11,,Amsterdam,Noord,,Netherlands,AP,Eduard Douwes Dekkerhuis,,,,15 maart 2017,16 maart 2017,7:30,21:00,,,,,rolstoeltoegankelijk met GPA,,,2017-344,"(52.404638,4.907701)"
2017,345,52.407695,4.916941,Bezaanjachtplein 243-247,,Amsterdam,Noord,,Netherlands,A,Huis van de Wijk,,,,15 maart 2017,16 maart 2017,7:30,21:00,,,,,rolstoeltoegankelijk,,,2017-345,"(52.407695,4.916941)"
2017,346,52.404993,4.92927,G.J. Scheurleerweg 15,,Amsterdam,Noord,,Netherlands,A,Senioren-flat de Wasknijper,,,,15 maart 2017,16 maart 2017,7:30,21:00,,,,,rolstoeltoegankelijk,,,2017-346,"(52.404993,4.92927)"
2017,347,52.410986,4.921948,Parlevinker 11,,Amsterdam,Noord,,Netherlands,A,OBS De Vier Windstreken,,,,15 maart 2017,16 maart 2017,7:30,21:00,,,,,rolstoeltoegankelijk,,,2017-347,"(52.410986,4.921948)"
2017,348,52.417798,4.892978,Molenwijk 21,,Amsterdam,Noord,,Netherlands,AP,OBA Molenwijk,,,,15 maart 2017,16 maart 2017,7:30,21:00,,,,,rolstoeltoegankelijk met GPA,,,2017-348,"(52.417798,4.892978)"
2017,349,52.407241,4.895726,Klinkerweg 73,,Amsterdam,Noord,,Netherlands,A,Cordaan - Het Anker,,,,15 maart 2017,16 maart 2017,7:30,21:00,,,,,rolstoeltoegankelijk,,,2017-349,"(52.407241,4.895726)"
2017,350,52.410067,4.894739,Bessenpad 1-ingang Mandarijnenstr t/o 12,,Amsterdam,Noord,,Netherlands,B,SBO De Zeppelin,,,,15 maart 2017,16 maart 2017,7:30,21:00,,,,,rolstoeltoegankelijk met hulp,,,2017-350,"(52.410067,4.894739)"
2017,351,52.392451,4.930413,Beijerlandstraat 2,,Amsterdam,Noord,,Netherlands,B,Orion College Amsterdam,,,,15 maart 2017,16 maart 2017,7:30,21:00,,,,,rolstoeltoegankelijk met hulp,,,2017-351,"(52.392451,4.930413)"
2017,352,52.390823,4.911861,Gentiaanstraat 1,,Amsterdam,Noord,,Netherlands,AP,OBA van der Pek,,,,15 maart 2017,16 maart 2017,7:30,21:00,,,,,rolstoeltoegankelijk met GPA,,,2017-352,"(52.390823,4.911861)"
2017,353,52.416083,4.880385,Watermanstraat 2,,Amsterdam,Noord,,Netherlands,A,Twiskehuis,,,,15 maart 2017,16 maart 2017,7:30,21:00,,,,,rolstoeltoegankelijk,,,2017-353,"(52.416083,4.880385)"
2017,354,52.414374,4.886461,Kometensingel 189,,Amsterdam,Noord,,Netherlands,A,Buurtcentrum De Evenaar,,,,15 maart 2017,16 maart 2017,7:30,21:00,,,,,rolstoeltoegankelijk,,,2017-354,"(52.414374,4.886461)"
2017,355,52.419004,4.902019,Pandorinastraat 7A (ingang hoofdgebouw),,Amsterdam,Noord,,Netherlands,A,OBS Twiskeschool,,,,15 maart 2017,16 maart 2017,7:30,21:00,,,,,rolstoeltoegankelijk,,,2017-355,"(52.419004,4.902019)"
2017,356,52.419861,4.891896,Molenwijk 8,,Amsterdam,Noord,,Netherlands,B,OBS De Krijtmolen,,,,15 maart 2017,16 maart 2017,7:30,21:00,,,,,rolstoeltoegankelijk met hulp,,,2017-356,"(52.419861,4.891896)"
2017,357,52.394293,4.959115,Markengouw 245 A,,Amsterdam,Noord,,Netherlands,A,OBS De Vijfsterren,,,,15 maart 2017,16 maart 2017,7:30,21:00,,,,,rolstoeltoegankelijk,,,2017-357,"(52.394293,4.959115)"
2017,358,52.415087,4.89364,Kometensingel 54 (hoofd ingang),,Amsterdam,Noord,,Netherlands,A,Basisschool de Satelliet,,,,15 maart 2017,16 maart 2017,7:30,21:00,,,,,rolstoeltoegankelijk,,,2017-358,"(52.415087,4.89364)"
2017,359,52.392374,4.994303,Dorpsweg Ransdorp 29,,Amsterdam,Noord,,Netherlands,B,Dorpshuis de Beke,,,,15 maart 2017,16 maart 2017,7:30,21:00,,,,,rolstoeltoegankelijk met hulp,,,2017-359,"(52.392374,4.994303)"
2017,360,52.398189,4.933777,Het Breed 10,,Amsterdam,Noord,,Netherlands,A,Basisschool Cosmicus Impuls,,,,15 maart 2017,16 maart 2017,7:30,21:00,,,,,rolstoeltoegankelijk,,,2017-360,"(52.398189,4.933777)"
2017,361,52.401482,4.944264,J. Drijverweg 5,,Amsterdam,Noord,,Netherlands,A,Stichting !WOON team noord,,,,15 maart 2017,16 maart 2017,7:30,21:00,,,,,rolstoeltoegankelijk,,,2017-361,"(52.401482,4.944264)"
2017,362,52.400146,4.912481,Floraweg 170,,Amsterdam,Noord,,Netherlands,A,Over-Y College,,,,15 maart 2017,16 maart 2017,7:30,21:00,,,,,rolstoeltoegankelijk,,,2017-362,"(52.400146,4.912481)"
2017,363,52.401796,4.916093,Buiksloterkerkpad 10,,Amsterdam,Noord,,Netherlands,A,Buiksloterkerk,,,,15 maart 2017,16 maart 2017,7:30,21:00,,,,,rolstoeltoegankelijk,,,2017-363,"(52.401796,4.916093)"
2017,364,52.408,4.903389,Braeburnstraat 1,,Amsterdam,Noord,,Netherlands,AP,Basisschool IKC Noordrijk,,,,15 maart 2017,16 maart 2017,7:30,21:00,,,,,rolstoeltoegankelijk met GPA,,,2017-364,"(52.408,4.903389)"
2017,365,52.40757,4.91271,Aakstraat 60,,Amsterdam,Noord,,Netherlands,A,Kerk de Ark,,,,15 maart 2017,16 maart 2017,7:30,21:00,,,,,rolstoeltoegankelijk,,,2017-365,"(52.40757,4.91271)"
2017,366,52.387444,4.949252,Wognumerplantsoen 2-4,,Amsterdam,Noord,,Netherlands,A,Vrije school Kairos,,,,15 maart 2017,16 maart 2017,7:30,21:00,,,,,rolstoeltoegankelijk,,,2017-366,"(52.387444,4.949252)"
2017,367,52.397767,4.906542,Bosrankstraat 1,,Amsterdam,Noord,,Netherlands,A,S.O. De Heldring,,,,15 maart 2017,16 maart 2017,7:30,21:00,,,,,rolstoeltoegankelijk,,,2017-367,"(52.397767,4.906542)"
2017,368,52.316235,4.956479,Anton de Komplein 150,,Amsterdam,Zuidoost,,Netherlands,AP,Stadsloket Zuidoost,,,,15 maart 2017,16 maart 2017,7:30,21:00,,,,,rolstoeltoegankelijk met GPA,,,2017-368,"(52.316235,4.956479)"
2017,369,52.319761,4.949801,Darlingstraat 1,,Amsterdam,Zuidoost,,Netherlands,A,Basisschool Klaverblad,,,,15 maart 2017,16 maart 2017,7:30,21:00,,,,,rolstoeltoegankelijk,,,2017-369,"(52.319761,4.949801)"
2017,370,52.29855,4.964845,Holendrechtplein 38,,Amsterdam,Zuidoost,,Netherlands,AP,Buurthuis Holendrecht,,,,15 maart 2017,16 maart 2017,7:30,21:00,,,,,rolstoeltoegankelijk met GPA,,,2017-370,"(52.29855,4.964845)"
2017,371,52.31779,4.946814,Berthold Brechtstraat 1,,Amsterdam,Zuidoost,,Netherlands,A,Wooncentrum De Venser,,,,15 maart 2017,16 maart 2017,7:30,21:00,,,,,rolstoeltoegankelijk,,,2017-371,"(52.31779,4.946814)"
2017,372,52.299278,4.962287,Niftrikhof 1,,Amsterdam,Zuidoost,,Netherlands,AP,Wooncentrum De Drecht,,,,15 maart 2017,16 maart 2017,7:30,21:00,,,,,rolstoeltoegankelijk met GPA,,,2017-372,"(52.299278,4.962287)"
2017,373,52.29594,4.987048,Wisseloord 83,,Amsterdam,Zuidoost,,Netherlands,AP,Buurthuis Gein,,,,15 maart 2017,16 maart 2017,7:30,21:00,,,,,rolstoeltoegankelijk met GPA,,,2017-373,"(52.29594,4.987048)"
2017,374,52.294235,4.987694,Woudrichemstraat 8,,Amsterdam,Zuidoost,,Netherlands,C,School De Ster,,,,15 maart 2017,16 maart 2017,7:30,21:00,,,,,niet rolstoeltoegankelijk,,,2017-374,"(52.294235,4.987694)"
2017,375,52.323462,4.971898,Geldershoofd 80,,Amsterdam,Zuidoost,,Netherlands,A,Jongerencentrum No Limit,,,,15 maart 2017,16 maart 2017,7:30,21:00,,,,,rolstoeltoegankelijk,,,2017-375,"(52.323462,4.971898)"
2017,376,52.312458,4.948392,Bijlmer Arena - Hoekenrode,,Amsterdam,Zuidoost,,Netherlands,C,Portocabin naast Station Amsterdam,,,,15 maart 2017,16 maart 2017,7:30,19:00,,,,,niet rolstoeltoegankelijk,,,2017-376,"(52.312458,4.948392)"
2017,377,52.298766,4.993488,Cornelis Aarnoutsstraat 80,,Amsterdam,Zuidoost,,Netherlands,A,School Het Gein,,,,15 maart 2017,16 maart 2017,7:30,21:00,,,,,rolstoeltoegankelijk,,,2017-377,"(52.298766,4.993488)"
2017,378,52.3239,4.941605,Alexander Dumaslaan 17,,Amsterdam,Zuidoost,,Netherlands,C,Basisschool De Schakel,,,,15 maart 2017,16 maart 2017,7:30,21:00,,,,,niet rolstoeltoegankelijk,,,2017-378,"(52.3239,4.941605)"
2017,379,52.295065,4.957813,Meibergdreef 9,,Amsterdam,Zuidoost,,Netherlands,AP,Academisch Medisch Centrum (AMC),,,,15 maart 2017,16 maart 2017,7:00,19:00,,,,,rolstoeltoegankelijk met GPA,,,2017-379,"(52.295065,4.957813)"
2017,380,52.318327,4.986583,Koornhorst 32,,Amsterdam,Zuidoost,,Netherlands,AP,Serviceflat Koornhorst,,,,15 maart 2017,16 maart 2017,7:30,21:00,,,,,rolstoeltoegankelijk met GPA,,,2017-380,"(52.318327,4.986583)"
2017,381,52.295606,4.970839,Randwijkhof 20-50,,Amsterdam,Zuidoost,,Netherlands,B,Woongroep Surinaamse Ouderen,,,,15 maart 2017,16 maart 2017,7:30,21:00,,,,,rolstoeltoegankelijk met hulp,,,2017-381,"(52.295606,4.970839)"
2017,382,52.317235,4.980067,Kraaiennest 68,,Amsterdam,Zuidoost,,Netherlands,AP,Buurtcentrum De Bonte Kraai,,,,15 maart 2017,16 maart 2017,7:30,21:00,,,,,rolstoeltoegankelijk met GPA,,,2017-382,"(52.317235,4.980067)"
2017,383,52.325244,4.980272,Garstkamp 32,,Amsterdam,Zuidoost,,Netherlands,AP,Serviceflat Garstkamp,,,,15 maart 2017,16 maart 2017,7:30,21:00,,,,,rolstoeltoegankelijk met GPA,,,2017-383,"(52.325244,4.980272)"
2017,384,52.314278,4.969784,Kortvoort 100,,Amsterdam,Zuidoost,,Netherlands,AP,Evean Henriette Roland Holst,,,,15 maart 2017,16 maart 2017,7:30,21:00,,,,,rolstoeltoegankelijk met GPA,,,2017-384,"(52.314278,4.969784)"
2017,385,52.308811,5.014675,Stammerlandweg 10,,Amsterdam,Zuidoost,,Netherlands,AP,Matchzo,,,,15 maart 2017,16 maart 2017,7:30,21:00,,,,,rolstoeltoegankelijk met GPA,,,2017-385,"(52.308811,5.014675)"
2017,386,52.319238,4.987514,Kantershof 641,,Amsterdam,Zuidoost,,Netherlands,B,Basisschool Samenspel,,,,15 maart 2017,16 maart 2017,7:30,21:00,,,,,rolstoeltoegankelijk met hulp,,,2017-386,"(52.319238,4.987514)"
2017,387,52.318622,4.965388,Gulden Kruis 5,,Amsterdam,Zuidoost,,Netherlands,B,Open Schoolgemeenschap Bijlmer,,,,15 maart 2017,16 maart 2017,7:30,21:00,,,,,rolstoeltoegankelijk met hulp,,,2017-387,"(52.318622,4.965388)"
2017,388,52.322388,4.96035,EGoli 2,,Amsterdam,Zuidoost,,Netherlands,AP,Basisschool Polsstok,,,,15 maart 2017,16 maart 2017,7:30,21:00,,,,,rolstoeltoegankelijk met GPA,,,2017-388,"(52.322388,4.96035)"
2017,389,52.314962,4.975072,Karspeldreef 1009,,Amsterdam,Zuidoost,,Netherlands,A,Stichting MaDi,,,,15 maart 2017,16 maart 2017,7:30,21:00,,,,,rolstoeltoegankelijk,,,2017-389,"(52.314962,4.975072)"
2017,390,52.316884,4.969437,Krimpertplein 5,,Amsterdam,Zuidoost,,Netherlands,B,Wijkcentrum Ala Kondre,,,,15 maart 2017,16 maart 2017,7:30,21:00,,,,,rolstoeltoegankelijk met hulp,,,2017-390,"(52.316884,4.969437)"
2017,391,52.300074,4.968598,Mijehof 406,,Amsterdam,Zuidoost,,Netherlands,A,Lotusschool,,,,15 maart 2017,16 maart 2017,7:30,21:00,,,,,rolstoeltoegankelijk,,,2017-391,"(52.300074,4.968598)"
2017,392,52.308798,4.980628,Leksmondplein 31,,Amsterdam,Zuidoost,,Netherlands,B,OBS Nellestein,,,,15 maart 2017,16 maart 2017,7:30,21:00,,,,,rolstoeltoegankelijk met hulp,,,2017-392,"(52.308798,4.980628)"
2017,393,52.315478,4.953509,Bijlmerplein 393,,Amsterdam,Zuidoost,,Netherlands,AP,OBA Bijlmerplein/Imagine IC,,,,15 maart 2017,16 maart 2017,7:30,21:00,,,,,rolstoeltoegankelijk met GPA,,,2017-393,"(52.315478,4.953509)"
2017,394,52.294014,4.97575,Reigersbos 313,,Amsterdam,Zuidoost,,Netherlands,AP,Basisschool Mobiel,,,,15 maart 2017,16 maart 2017,7:30,21:00,,,,,rolstoeltoegankelijk met GPA,,,2017-394,"(52.294014,4.97575)"
2017,395,52.318995,4.956643,Janusz Korczakstraat 73,,Amsterdam,Zuidoost,,Netherlands,AP,Basisschool Shri Laksmi,,,,15 maart 2017,16 maart 2017,7:30,21:00,,,,,rolstoeltoegankelijk met GPA,,,2017-395,"(52.318995,4.956643)"
2017,396,52.296809,4.978245,Ravenswaaipad 5,,Amsterdam,Zuidoost,,Netherlands,AP,Sporthal Gaasperdam,,,,15 maart 2017,16 maart 2017,7:30,21:00,,,,,rolstoeltoegankelijk met GPA,,,2017-396,"(52.296809,4.978245)"
2017,397,52.296852,4.977556,Ravenswaaipad 3,,Amsterdam,Zuidoost,,Netherlands,AP,Ir. Lely Lyceum,,,,15 maart 2017,16 maart 2017,7:30,21:00,,,,,rolstoeltoegankelijk met GPA,,,2017-397,"(52.296852,4.977556)"
2017,398,52.308654,4.960203,Huntum 14,,Amsterdam,Zuidoost,,Netherlands,A,Basisschool De Achtsprong,,,,15 maart 2017,16 maart 2017,7:30,21:00,,,,,rolstoeltoegankelijk,,,2017-398,"(52.308654,4.960203)"
2017,399,52.309277,4.955916,Hogevecht 138 C,,Amsterdam,Zuidoost,,Netherlands,A,Kidz Friends,,,,15 maart 2017,16 maart 2017,7:30,21:00,,,,,rolstoeltoegankelijk,,,2017-399,"(52.309277,4.955916)"
2017,400,52.323462,4.971898,Geldershoofd 80,,Amsterdam,Zuidoost,,Netherlands,A,Jongerencentrum No Limit,,,,15 maart 2017,16 maart 2017,7:30,21:00,,,,,rolstoeltoegankelijk,,,2017-400,"(52.323462,4.971898)"